algorithm,group_name,scenario_type,generation,HV_mean,HV_std,IGD+_mean,IGD+_std,count
msd_ag_nsga2,mechanism_50_4,multi_hotspot_boundary,0,0.38370832056512055,0.10018859813874052,0.16704358009984827,0.048429397594806196,80
msd_ag_nsga2,mechanism_50_4,multi_hotspot_boundary,1,0.40183435966769104,0.10737703717769029,0.15939272269685642,0.04796578378934776,80
msd_ag_nsga2,mechanism_50_4,multi_hotspot_boundary,5,0.42277837390906214,0.1090576871087839,0.14740947088427434,0.04542191925082763,80
msd_ag_nsga2,mechanism_50_4,multi_hotspot_boundary,10,0.4634559842578964,0.10355099820674318,0.11511988683619737,0.03468638847656668,80
msd_ag_nsga2,mechanism_50_4,multi_hotspot_boundary,15,0.4771198615127087,0.10176841232967196,0.10696298860531614,0.030662981598013016,80
msd_ag_nsga2,mechanism_50_4,multi_hotspot_boundary,20,0.48469364624758154,0.10110744826924617,0.10348078671211144,0.02974883188941099,80
msd_ag_nsga2,mechanism_50_4,multi_hotspot_boundary,25,0.49330078619389184,0.10010175933799974,0.09837294117790144,0.02811915499651771,80
msd_ag_nsga2,mechanism_50_4,multi_hotspot_boundary,30,0.49932926168087627,0.09924606659276831,0.09536663901195522,0.02743107367622487,80
msd_ag_nsga2,mechanism_50_4,multi_hotspot_boundary,35,0.5074519850166274,0.09889400817863675,0.09057528015835566,0.02542278177184948,80
msd_ag_nsga2,mechanism_50_4,multi_hotspot_boundary,40,0.5144071464262037,0.09953351902793674,0.0869849423760762,0.025084939110608814,80
msd_ag_nsga2,mechanism_50_4,multi_hotspot_boundary,45,0.5199824178545708,0.0995459841511301,0.08445416112068907,0.02472730718720111,80
msd_ag_nsga2,mechanism_50_4,multi_hotspot_boundary,50,0.5260995983028726,0.09922564449798017,0.08103188862487125,0.0236867978383866,80
msd_ag_nsga2,mechanism_50_4,multi_hotspot_boundary,55,0.5309742468510871,0.09806375574729645,0.07845697203799844,0.023628404325901027,80
msd_ag_nsga2,mechanism_50_4,multi_hotspot_boundary,60,0.5355773572637818,0.09972634896497827,0.0766018294070648,0.023341208273711608,80
msd_ag_nsga2,mechanism_50_4,multi_hotspot_boundary,65,0.5408989052681761,0.09985441846598297,0.07394083429177253,0.023131096265484964,80
msd_ag_nsga2,mechanism_50_4,multi_hotspot_boundary,70,0.5440498961303366,0.10008237328488385,0.07218435959519828,0.023396006330579592,80
msd_ag_nsga2,mechanism_50_4,multi_hotspot_boundary,75,0.5479204412698164,0.0997845823597067,0.0701058194295597,0.02336456704785648,80
msd_ag_nsga2,mechanism_50_4,multi_hotspot_boundary,80,0.5515094048942958,0.10062458715091695,0.06840852672220238,0.023431648700712536,80
msd_ag_nsga2,mechanism_50_4,multi_hotspot_boundary,85,0.5549992392178382,0.10080999519198505,0.06686285216622104,0.023300627987488304,80
msd_ag_nsga2,mechanism_50_4,multi_hotspot_boundary,90,0.5593341250832482,0.1017553411739157,0.06483258746697337,0.02293801954834718,80
msd_ag_nsga2,mechanism_50_4,multi_hotspot_boundary,95,0.5625057842805579,0.10253661318388321,0.06366720823011728,0.02296372987848027,80
msd_ag_nsga2,mechanism_50_4,multi_hotspot_boundary,100,0.565435395815034,0.10240084637362326,0.06231268728482422,0.022836432370219605,80
msd_ag_nsga2,mechanism_50_4,multi_hotspot_boundary,105,0.568048105822041,0.1026081656962279,0.06137312343077972,0.022699164081813713,80
msd_ag_nsga2,mechanism_50_4,multi_hotspot_boundary,110,0.5699069063228884,0.10251740758825018,0.060394679604224635,0.022444794612150445,80
msd_ag_nsga2,mechanism_50_4,multi_hotspot_boundary,115,0.5723222633270508,0.10284177922417115,0.05944247009357455,0.022261456390139704,80
msd_ag_nsga2,mechanism_50_4,multi_hotspot_boundary,120,0.5745319771635093,0.10316682968479933,0.05837716063310759,0.022200454895259392,80
msd_ag_nsga2,mechanism_50_4,multi_hotspot_boundary,125,0.5759419523948903,0.10265867710039597,0.05776671677605323,0.02205258862875868,80
msd_ag_nsga2,mechanism_50_4,multi_hotspot_boundary,130,0.577789678224945,0.10225845347444801,0.05678115251528785,0.021653913926295124,80
msd_ag_nsga2,mechanism_50_4,multi_hotspot_boundary,135,0.5797786540100889,0.10189829174181526,0.0558129547135708,0.021083328175117304,80
msd_ag_nsga2,mechanism_50_4,multi_hotspot_boundary,140,0.5815818105565846,0.10196900379385362,0.05522456086370443,0.021040528796248643,80
msd_ag_nsga2,mechanism_50_4,multi_hotspot_boundary,145,0.584506618235368,0.10238770912792318,0.054142763896952585,0.020863934650089837,80
msd_ag_nsga2,mechanism_50_4,multi_hotspot_boundary,150,0.5862728146484801,0.10175266206365495,0.05337275770947729,0.020493024204407632,80
msd_ag_nsga2,mechanism_50_4,multi_hotspot_boundary,155,0.5880617646421264,0.10150052482532045,0.05249160280700795,0.020192898318298586,80
msd_ag_nsga2,mechanism_50_4,multi_hotspot_boundary,160,0.5901408069178427,0.10177197717517569,0.051845318063009946,0.020207614979422143,80
msd_ag_nsga2,mechanism_50_4,multi_hotspot_boundary,165,0.5920728840159837,0.10216938121031272,0.05135561766944421,0.020087956871713424,80
msd_ag_nsga2,mechanism_50_4,multi_hotspot_boundary,170,0.5935176599239462,0.10225562166356286,0.050711692122417364,0.020025458721660973,80
msd_ag_nsga2,mechanism_50_4,multi_hotspot_boundary,175,0.5950039311800686,0.10187706995275396,0.04992882354855764,0.019693052852347216,80
msd_ag_nsga2,mechanism_50_4,multi_hotspot_boundary,180,0.5965037859179974,0.10237245544306592,0.049469686779702225,0.019666110050009063,80
msd_ag_nsga2,mechanism_50_4,multi_hotspot_boundary,185,0.597830179666458,0.10231949735007945,0.048998520239162915,0.019547549872584207,80
msd_ag_nsga2,mechanism_50_4,multi_hotspot_boundary,190,0.5990408991233356,0.10283206373118478,0.048506636276665155,0.019427062202459208,80
msd_ag_nsga2,mechanism_50_4,multi_hotspot_boundary,195,0.6003217346475396,0.10300226675119796,0.0479300754893456,0.019418858597572707,80
msd_ag_nsga2,mechanism_50_4,multi_hotspot_boundary,200,0.6020743639459998,0.10346041722626961,0.04740407818311411,0.01936187766458801,80
msd_ag_nsga2,mechanism_50_4,multi_hotspot_boundary,205,0.603038581431486,0.10351686681739675,0.04702560200114492,0.019227136304309063,80
msd_ag_nsga2,mechanism_50_4,multi_hotspot_boundary,210,0.6041024353439637,0.1033761074470621,0.04668406462524617,0.019129212910015157,80
msd_ag_nsga2,mechanism_50_4,multi_hotspot_boundary,215,0.6056476020838454,0.10329624564847735,0.045994758591913744,0.019055937654302354,80
msd_ag_nsga2,mechanism_50_4,multi_hotspot_boundary,220,0.606757833607448,0.10324156888779241,0.045581612457702154,0.01904151045346409,80
msd_ag_nsga2,mechanism_50_4,multi_hotspot_boundary,225,0.6081532597424177,0.10296540542098354,0.0450649344426172,0.018963751069068287,80
msd_ag_nsga2,mechanism_50_4,multi_hotspot_boundary,230,0.609001820563677,0.10288464672002187,0.044767360708499924,0.018830534246127614,80
msd_ag_nsga2,mechanism_50_4,multi_hotspot_boundary,235,0.6103700713263526,0.1026491344279892,0.04415805858054232,0.018528209245481944,80
msd_ag_nsga2,mechanism_50_4,multi_hotspot_boundary,240,0.6111803491459233,0.1026215133277586,0.043885824778160124,0.018386641485265837,80
msd_ag_nsga2,mechanism_50_4,multi_hotspot_boundary,245,0.6116664640708246,0.10277813353696001,0.043820514522668004,0.01842824974761157,80
msd_ag_nsga2,mechanism_50_4,remote_hotspot,0,0.421440066741151,0.09993792826530941,0.16794178320630468,0.0715742812090577,80
msd_ag_nsga2,mechanism_50_4,remote_hotspot,1,0.4603573493512547,0.07377633173509995,0.13880232571430282,0.04647452755315755,80
msd_ag_nsga2,mechanism_50_4,remote_hotspot,5,0.4799148886254628,0.06650864597437264,0.12823964193759008,0.04099239104446841,80
msd_ag_nsga2,mechanism_50_4,remote_hotspot,10,0.5052685870200685,0.06267795601527516,0.1149845659220311,0.03763989582274821,80
msd_ag_nsga2,mechanism_50_4,remote_hotspot,15,0.515289367465678,0.06054833877447033,0.10927008025268306,0.03502537992968987,80
msd_ag_nsga2,mechanism_50_4,remote_hotspot,20,0.523568913382009,0.05851681864387857,0.10419888232651986,0.03215662554374327,80
msd_ag_nsga2,mechanism_50_4,remote_hotspot,25,0.5323572195573787,0.0588480379216894,0.09983098386553338,0.03118541467235977,80
msd_ag_nsga2,mechanism_50_4,remote_hotspot,30,0.5392018021847212,0.059195875319899574,0.09608381118504732,0.030236474181627667,80
msd_ag_nsga2,mechanism_50_4,remote_hotspot,35,0.5462280735234971,0.057858190774728695,0.09125902953944703,0.02746211209184192,80
msd_ag_nsga2,mechanism_50_4,remote_hotspot,40,0.5515274028830287,0.0574881614066691,0.08811654259485624,0.02642329290364347,80
msd_ag_nsga2,mechanism_50_4,remote_hotspot,45,0.556074984437379,0.057098262220870916,0.08547485920980746,0.02542795869265343,80
msd_ag_nsga2,mechanism_50_4,remote_hotspot,50,0.5613340343792312,0.05686361269149991,0.08266630778487187,0.024599229409475912,80
msd_ag_nsga2,mechanism_50_4,remote_hotspot,55,0.5662084031814789,0.057175882766842066,0.07962563035612309,0.023899115997092234,80
msd_ag_nsga2,mechanism_50_4,remote_hotspot,60,0.5713350468314969,0.0586237745064571,0.0770245168090304,0.023743713549958714,80
msd_ag_nsga2,mechanism_50_4,remote_hotspot,65,0.5763284864655146,0.05872561024429957,0.07388111120623748,0.023094549809403588,80
msd_ag_nsga2,mechanism_50_4,remote_hotspot,70,0.5804931596709959,0.05913613484123684,0.07180880137317783,0.022848906487453413,80
msd_ag_nsga2,mechanism_50_4,remote_hotspot,75,0.5853213685294197,0.06012063369095435,0.06923843795006365,0.022449991164101367,80
msd_ag_nsga2,mechanism_50_4,remote_hotspot,80,0.5892591532078673,0.06030896257232867,0.06732174956060352,0.022057278221963218,80
msd_ag_nsga2,mechanism_50_4,remote_hotspot,85,0.5923084826096183,0.05997816935796977,0.06586939027700056,0.02172923306576902,80
msd_ag_nsga2,mechanism_50_4,remote_hotspot,90,0.5952664198569474,0.06014567432765598,0.06439957064904189,0.021533630884709675,80
msd_ag_nsga2,mechanism_50_4,remote_hotspot,95,0.598024079636201,0.06053129541870746,0.06302921805733115,0.02151279999635487,80
msd_ag_nsga2,mechanism_50_4,remote_hotspot,100,0.6001719435962436,0.06041648174264398,0.06174087528693863,0.021154090899839835,80
msd_ag_nsga2,mechanism_50_4,remote_hotspot,105,0.6026036458727468,0.06093241017160349,0.06034226181590805,0.020744262404801355,80
msd_ag_nsga2,mechanism_50_4,remote_hotspot,110,0.6050641777248561,0.06107905551999797,0.05905955246253973,0.020630015130349264,80
msd_ag_nsga2,mechanism_50_4,remote_hotspot,115,0.607772590408561,0.06097812263436269,0.057782516983450924,0.020462288738335027,80
msd_ag_nsga2,mechanism_50_4,remote_hotspot,120,0.6096083175049554,0.06151406767070975,0.05682033742830581,0.020451438546099102,80
msd_ag_nsga2,mechanism_50_4,remote_hotspot,125,0.611489228395779,0.06128792510043361,0.05582414284043767,0.020271776069088015,80
msd_ag_nsga2,mechanism_50_4,remote_hotspot,130,0.6135024547651661,0.06127929203370795,0.05482981127291554,0.020072033174744378,80
msd_ag_nsga2,mechanism_50_4,remote_hotspot,135,0.6156251975074902,0.06117293644218201,0.053637253940572505,0.01956399365341114,80
msd_ag_nsga2,mechanism_50_4,remote_hotspot,140,0.6172864520583514,0.06109136945748725,0.052743408067855456,0.01922834119798363,80
msd_ag_nsga2,mechanism_50_4,remote_hotspot,145,0.6191500414839465,0.06137759569807151,0.05173345428445253,0.01896959999057893,80
msd_ag_nsga2,mechanism_50_4,remote_hotspot,150,0.6209122830781979,0.061326607049327436,0.05083220026489792,0.018871306961462123,80
msd_ag_nsga2,mechanism_50_4,remote_hotspot,155,0.6229349973918946,0.06206032649889009,0.05009766612550189,0.018953910683612296,80
msd_ag_nsga2,mechanism_50_4,remote_hotspot,160,0.6247330875593108,0.062344389165300544,0.04932069733253883,0.01878445291450924,80
msd_ag_nsga2,mechanism_50_4,remote_hotspot,165,0.6264172312354155,0.062209308455190085,0.048472153855485436,0.018666788311020678,80
msd_ag_nsga2,mechanism_50_4,remote_hotspot,170,0.6278323880322196,0.0624516455141488,0.04783933647674273,0.01880521935802666,80
msd_ag_nsga2,mechanism_50_4,remote_hotspot,175,0.6295015742201056,0.06238273704250006,0.04714556318671046,0.018510870992085277,80
msd_ag_nsga2,mechanism_50_4,remote_hotspot,180,0.630661095641217,0.0624027022582315,0.04648640265867247,0.018487711938700024,80
msd_ag_nsga2,mechanism_50_4,remote_hotspot,185,0.6321779795618668,0.06273997642472147,0.04583775162895527,0.01847943941402629,80
msd_ag_nsga2,mechanism_50_4,remote_hotspot,190,0.6332030593600121,0.06282013917398631,0.045392204608976014,0.018521687484613046,80
msd_ag_nsga2,mechanism_50_4,remote_hotspot,195,0.6340700173882563,0.06276573227828472,0.044886365934486534,0.018497808748847436,80
msd_ag_nsga2,mechanism_50_4,remote_hotspot,200,0.6353748818955138,0.06300449314671244,0.044315978091133815,0.018417139056590204,80
msd_ag_nsga2,mechanism_50_4,remote_hotspot,205,0.6365422135259571,0.0631094988818713,0.0436996488714957,0.01836394309485919,80
msd_ag_nsga2,mechanism_50_4,remote_hotspot,210,0.6376487860636162,0.06316148967821923,0.04317424172692601,0.01818906566230241,80
msd_ag_nsga2,mechanism_50_4,remote_hotspot,215,0.6385046767939103,0.0631172176252562,0.04274777198984893,0.01813454281834213,80
msd_ag_nsga2,mechanism_50_4,remote_hotspot,220,0.6399186917950651,0.06283585739802253,0.042206937673873304,0.01813566366795802,80
msd_ag_nsga2,mechanism_50_4,remote_hotspot,225,0.6409505754928151,0.06274260895227642,0.041724615836425706,0.018141501039073162,80
msd_ag_nsga2,mechanism_50_4,remote_hotspot,230,0.641898359797356,0.06263051467932709,0.04124792706209223,0.018079429312409454,80
msd_ag_nsga2,mechanism_50_4,remote_hotspot,235,0.6429646974827072,0.06272408921302912,0.040793593702462085,0.017922211798234507,80
msd_ag_nsga2,mechanism_50_4,remote_hotspot,240,0.6438111353974112,0.06252708699502853,0.040445198225427074,0.01776747753562773,80
msd_ag_nsga2,mechanism_50_4,remote_hotspot,245,0.6448980892053907,0.0628059757391544,0.040138766137571016,0.01781649368271951,80
msd_ag_nsga2_wo_bbr,mechanism_50_4,multi_hotspot_boundary,0,0.38412782107329396,0.09847284480933699,0.1673488935586489,0.048709534738182084,80
msd_ag_nsga2_wo_bbr,mechanism_50_4,multi_hotspot_boundary,1,0.40285881291884207,0.10510663194869292,0.1573431958001709,0.04546438267902083,80
msd_ag_nsga2_wo_bbr,mechanism_50_4,multi_hotspot_boundary,5,0.4224329087972185,0.10662997592653128,0.14594072048025133,0.043165419752098075,80
msd_ag_nsga2_wo_bbr,mechanism_50_4,multi_hotspot_boundary,10,0.4644219614404198,0.10007424664223438,0.1128432440041975,0.03228774988500585,80
msd_ag_nsga2_wo_bbr,mechanism_50_4,multi_hotspot_boundary,15,0.47777345896339085,0.09766023351203948,0.10474244246444656,0.02874617190627137,80
msd_ag_nsga2_wo_bbr,mechanism_50_4,multi_hotspot_boundary,20,0.48496992065365685,0.09694448346532214,0.10163778996164355,0.028130658851900286,80
msd_ag_nsga2_wo_bbr,mechanism_50_4,multi_hotspot_boundary,25,0.4942182060379647,0.0958838754789606,0.09647314139283439,0.025832734557824755,80
msd_ag_nsga2_wo_bbr,mechanism_50_4,multi_hotspot_boundary,30,0.5010884208553463,0.09599885976109572,0.09316977287565334,0.02551219747770032,80
msd_ag_nsga2_wo_bbr,mechanism_50_4,multi_hotspot_boundary,35,0.5078341548275034,0.09574008153784741,0.08939917150151347,0.024321381956431503,80
msd_ag_nsga2_wo_bbr,mechanism_50_4,multi_hotspot_boundary,40,0.5151087797070559,0.09404188894751714,0.08594893832935731,0.022778573837984192,80
msd_ag_nsga2_wo_bbr,mechanism_50_4,multi_hotspot_boundary,45,0.5193116201193517,0.09389921454364293,0.08373494309753793,0.022420268240537344,80
msd_ag_nsga2_wo_bbr,mechanism_50_4,multi_hotspot_boundary,50,0.5245979395721074,0.09342482418676122,0.08106591092973167,0.02141749567201307,80
msd_ag_nsga2_wo_bbr,mechanism_50_4,multi_hotspot_boundary,55,0.5307821303876662,0.09278434376945074,0.07803420117419145,0.02076388826830698,80
msd_ag_nsga2_wo_bbr,mechanism_50_4,multi_hotspot_boundary,60,0.5350675910734743,0.09318782531283652,0.07620313648756172,0.020454163974773062,80
msd_ag_nsga2_wo_bbr,mechanism_50_4,multi_hotspot_boundary,65,0.5393124289641094,0.09307873624991059,0.07411161854190902,0.020448870859360518,80
msd_ag_nsga2_wo_bbr,mechanism_50_4,multi_hotspot_boundary,70,0.5422399494259733,0.09302010150414933,0.07262110410292161,0.02015606804075159,80
msd_ag_nsga2_wo_bbr,mechanism_50_4,multi_hotspot_boundary,75,0.5459525713882075,0.09312304627415013,0.07116994812319574,0.02019826633584475,80
msd_ag_nsga2_wo_bbr,mechanism_50_4,multi_hotspot_boundary,80,0.5491361460216556,0.0930397400325329,0.06960928815944437,0.020045738787879294,80
msd_ag_nsga2_wo_bbr,mechanism_50_4,multi_hotspot_boundary,85,0.5521048648289792,0.09331534941887738,0.06852752465461491,0.02002068024671203,80
msd_ag_nsga2_wo_bbr,mechanism_50_4,multi_hotspot_boundary,90,0.5550955385559995,0.09382178151189989,0.06729984924037788,0.01999980195877482,80
msd_ag_nsga2_wo_bbr,mechanism_50_4,multi_hotspot_boundary,95,0.5574396951631668,0.0935675273172625,0.06621874122945234,0.020069177498226124,80
msd_ag_nsga2_wo_bbr,mechanism_50_4,multi_hotspot_boundary,100,0.5593385288708913,0.09394688785234297,0.0655153345369008,0.020124599628026183,80
msd_ag_nsga2_wo_bbr,mechanism_50_4,multi_hotspot_boundary,105,0.5626195783114808,0.0942187735978102,0.06395054712975864,0.019876395911657845,80
msd_ag_nsga2_wo_bbr,mechanism_50_4,multi_hotspot_boundary,110,0.5645212537886288,0.09445749265752501,0.06313538573479474,0.019879413347067488,80
msd_ag_nsga2_wo_bbr,mechanism_50_4,multi_hotspot_boundary,115,0.5671687926914588,0.09430609801332038,0.06208614093328115,0.019723799670097044,80
msd_ag_nsga2_wo_bbr,mechanism_50_4,multi_hotspot_boundary,120,0.5692471042872993,0.0942167262114564,0.060962528412698294,0.019329133766645395,80
msd_ag_nsga2_wo_bbr,mechanism_50_4,multi_hotspot_boundary,125,0.5716825484347169,0.09499710304847103,0.06024231186293505,0.01941247554795438,80
msd_ag_nsga2_wo_bbr,mechanism_50_4,multi_hotspot_boundary,130,0.5741297429710585,0.094438748901936,0.05904831493551965,0.019226162195837188,80
msd_ag_nsga2_wo_bbr,mechanism_50_4,multi_hotspot_boundary,135,0.5761229028718066,0.09396653087007151,0.05830793739752367,0.019005165999823614,80
msd_ag_nsga2_wo_bbr,mechanism_50_4,multi_hotspot_boundary,140,0.5781603881849509,0.09408098647544308,0.05739596458594305,0.019043672539438016,80
msd_ag_nsga2_wo_bbr,mechanism_50_4,multi_hotspot_boundary,145,0.5804055225423335,0.0944541569214082,0.056337827802545926,0.0187280517955403,80
msd_ag_nsga2_wo_bbr,mechanism_50_4,multi_hotspot_boundary,150,0.5827100169029397,0.09592038787554724,0.05569240195708476,0.01910160397121913,80
msd_ag_nsga2_wo_bbr,mechanism_50_4,multi_hotspot_boundary,155,0.5843491004151767,0.09551804091106092,0.055010972938619694,0.01916090618220488,80
msd_ag_nsga2_wo_bbr,mechanism_50_4,multi_hotspot_boundary,160,0.5859795895276384,0.09569589597636324,0.05436016434602213,0.01919072079513238,80
msd_ag_nsga2_wo_bbr,mechanism_50_4,multi_hotspot_boundary,165,0.587801643722085,0.09621187366712203,0.05367854582756074,0.019051553962686176,80
msd_ag_nsga2_wo_bbr,mechanism_50_4,multi_hotspot_boundary,170,0.5897384421781077,0.09680383780848992,0.052880333127144984,0.018884246611260074,80
msd_ag_nsga2_wo_bbr,mechanism_50_4,multi_hotspot_boundary,175,0.5917290075632108,0.09732350541531858,0.05208845149423961,0.01893246280938346,80
msd_ag_nsga2_wo_bbr,mechanism_50_4,multi_hotspot_boundary,180,0.59349002249915,0.0979378770486129,0.05169630862852535,0.01877943842390383,80
msd_ag_nsga2_wo_bbr,mechanism_50_4,multi_hotspot_boundary,185,0.5952541750659718,0.09875051049825385,0.05112186226253439,0.018720228212532657,80
msd_ag_nsga2_wo_bbr,mechanism_50_4,multi_hotspot_boundary,190,0.596488678760541,0.09908388228360408,0.05062741726961386,0.019039412495945235,80
msd_ag_nsga2_wo_bbr,mechanism_50_4,multi_hotspot_boundary,195,0.5979022130582294,0.09943827643708973,0.05002946382045949,0.018969284712098453,80
msd_ag_nsga2_wo_bbr,mechanism_50_4,multi_hotspot_boundary,200,0.5994952843019976,0.09992378882639422,0.049510023511754195,0.01916977952583511,80
msd_ag_nsga2_wo_bbr,mechanism_50_4,multi_hotspot_boundary,205,0.6009229243745197,0.1006094036988739,0.049103066216755545,0.019178902236796972,80
msd_ag_nsga2_wo_bbr,mechanism_50_4,multi_hotspot_boundary,210,0.6021371822278565,0.10056419783651051,0.0484970951602221,0.0190007347388539,80
msd_ag_nsga2_wo_bbr,mechanism_50_4,multi_hotspot_boundary,215,0.60319804436794,0.10087984049151547,0.04795311537479189,0.0189668871418754,80
msd_ag_nsga2_wo_bbr,mechanism_50_4,multi_hotspot_boundary,220,0.6047596785536717,0.10180675605177038,0.04767947534961235,0.01892928674896916,80
msd_ag_nsga2_wo_bbr,mechanism_50_4,multi_hotspot_boundary,225,0.605994865659508,0.10159862355645093,0.047239116560003194,0.018900113333044845,80
msd_ag_nsga2_wo_bbr,mechanism_50_4,multi_hotspot_boundary,230,0.607055158127617,0.10140834637766935,0.046920336169258794,0.018823177852071177,80
msd_ag_nsga2_wo_bbr,mechanism_50_4,multi_hotspot_boundary,235,0.6082330663997747,0.10141108929944631,0.04656841798999904,0.018843422947013994,80
msd_ag_nsga2_wo_bbr,mechanism_50_4,multi_hotspot_boundary,240,0.6095557731534399,0.10169209237339166,0.046145765226260585,0.018842059175562514,80
msd_ag_nsga2_wo_bbr,mechanism_50_4,multi_hotspot_boundary,245,0.6102939408502264,0.10197618636603827,0.04588848753631218,0.018992312752492316,80
msd_ag_nsga2_wo_bbr,mechanism_50_4,remote_hotspot,0,0.42027381431417793,0.09880726182833936,0.16787277855632404,0.07058280635472672,80
msd_ag_nsga2_wo_bbr,mechanism_50_4,remote_hotspot,1,0.4566609913382839,0.07534958355114575,0.1425669090891609,0.0499832501447083,80
msd_ag_nsga2_wo_bbr,mechanism_50_4,remote_hotspot,5,0.4789282891357448,0.06631544166895369,0.12897363085326055,0.04096275872421662,80
msd_ag_nsga2_wo_bbr,mechanism_50_4,remote_hotspot,10,0.5036949864250629,0.06449599493927745,0.11653778337410485,0.03997824139467011,80
msd_ag_nsga2_wo_bbr,mechanism_50_4,remote_hotspot,15,0.5143989156869855,0.06235229362122621,0.1102102250877052,0.036252922284858095,80
msd_ag_nsga2_wo_bbr,mechanism_50_4,remote_hotspot,20,0.5218179907763176,0.062136739770221,0.10604276443891011,0.03449516600897401,80
msd_ag_nsga2_wo_bbr,mechanism_50_4,remote_hotspot,25,0.5291819933751911,0.0607861716082082,0.1019246117132028,0.032630434053842465,80
msd_ag_nsga2_wo_bbr,mechanism_50_4,remote_hotspot,30,0.5363623031508121,0.06043121506601319,0.09746064187066336,0.030394064803541482,80
msd_ag_nsga2_wo_bbr,mechanism_50_4,remote_hotspot,35,0.5422866496792172,0.060091557458343985,0.09441851791266956,0.029567439237811476,80
msd_ag_nsga2_wo_bbr,mechanism_50_4,remote_hotspot,40,0.5479420315937095,0.05952573337530218,0.09128795156278113,0.02844852510556488,80
msd_ag_nsga2_wo_bbr,mechanism_50_4,remote_hotspot,45,0.5529731747430897,0.0590341143910711,0.08862082135022728,0.027346823087587766,80
msd_ag_nsga2_wo_bbr,mechanism_50_4,remote_hotspot,50,0.5586998090457949,0.058325962108305145,0.08494710492982958,0.025847204636074952,80
msd_ag_nsga2_wo_bbr,mechanism_50_4,remote_hotspot,55,0.5635844357763604,0.058227425106746174,0.08220898134061642,0.024987807765276475,80
msd_ag_nsga2_wo_bbr,mechanism_50_4,remote_hotspot,60,0.5674038152967071,0.05815610286611541,0.07987579363121393,0.024202668801834505,80
msd_ag_nsga2_wo_bbr,mechanism_50_4,remote_hotspot,65,0.5715864790916179,0.0573066809901897,0.07755301806517945,0.023399413861676616,80
msd_ag_nsga2_wo_bbr,mechanism_50_4,remote_hotspot,70,0.5753470470600195,0.05714446112474766,0.07531186346009022,0.023035010272595528,80
msd_ag_nsga2_wo_bbr,mechanism_50_4,remote_hotspot,75,0.5792848746216612,0.057394938612184504,0.07309427912882124,0.022791325462151728,80
msd_ag_nsga2_wo_bbr,mechanism_50_4,remote_hotspot,80,0.5832918973712264,0.05792882281970747,0.07090118528110764,0.022476661988583568,80
msd_ag_nsga2_wo_bbr,mechanism_50_4,remote_hotspot,85,0.5872595266181811,0.05759993985890189,0.06849108243628388,0.022227009633966656,80
msd_ag_nsga2_wo_bbr,mechanism_50_4,remote_hotspot,90,0.5907357862392804,0.058137841002791096,0.06659358127815793,0.02216352235913887,80
msd_ag_nsga2_wo_bbr,mechanism_50_4,remote_hotspot,95,0.5942451962070423,0.05758820668437742,0.06446672042695056,0.02170236069646389,80
msd_ag_nsga2_wo_bbr,mechanism_50_4,remote_hotspot,100,0.5980713998703348,0.05801767775587321,0.06255260514508618,0.021311084821285135,80
msd_ag_nsga2_wo_bbr,mechanism_50_4,remote_hotspot,105,0.6008090854045509,0.058079934336307246,0.060984022322219646,0.021086187769439376,80
msd_ag_nsga2_wo_bbr,mechanism_50_4,remote_hotspot,110,0.6036442149953213,0.05741157265302097,0.05930548396156212,0.02057214928494604,80
msd_ag_nsga2_wo_bbr,mechanism_50_4,remote_hotspot,115,0.6067934065258006,0.05777355797736249,0.05772620640159547,0.02040015893543011,80
msd_ag_nsga2_wo_bbr,mechanism_50_4,remote_hotspot,120,0.6090589272147021,0.057865405869082814,0.05662796909490884,0.020231188679362275,80
msd_ag_nsga2_wo_bbr,mechanism_50_4,remote_hotspot,125,0.6118571341593955,0.05803700251928246,0.05509664215417735,0.019897863410820598,80
msd_ag_nsga2_wo_bbr,mechanism_50_4,remote_hotspot,130,0.6144141654560482,0.0582182954903543,0.053814080564812516,0.01973653567574465,80
msd_ag_nsga2_wo_bbr,mechanism_50_4,remote_hotspot,135,0.6162424593930129,0.05817555904118932,0.05283240768659845,0.019570253274704328,80
msd_ag_nsga2_wo_bbr,mechanism_50_4,remote_hotspot,140,0.6187439753342959,0.058687261572025286,0.05184860145471637,0.019559363893502463,80
msd_ag_nsga2_wo_bbr,mechanism_50_4,remote_hotspot,145,0.6206843709628412,0.058735663493753976,0.050895543965782594,0.019362027292097864,80
msd_ag_nsga2_wo_bbr,mechanism_50_4,remote_hotspot,150,0.6222393514764823,0.058805036658981465,0.050084285453564824,0.019180575292178287,80
msd_ag_nsga2_wo_bbr,mechanism_50_4,remote_hotspot,155,0.6240572577555092,0.058914696254694005,0.04936011005798666,0.019248665782265008,80
msd_ag_nsga2_wo_bbr,mechanism_50_4,remote_hotspot,160,0.625766630341612,0.058918267352001286,0.04837094044973476,0.019039316451748126,80
msd_ag_nsga2_wo_bbr,mechanism_50_4,remote_hotspot,165,0.627570917295067,0.058728755853157295,0.04783218527582872,0.0189785309264143,80
msd_ag_nsga2_wo_bbr,mechanism_50_4,remote_hotspot,170,0.6293289764805661,0.058656959051368286,0.04711329107190065,0.018750321110329322,80
msd_ag_nsga2_wo_bbr,mechanism_50_4,remote_hotspot,175,0.6311105864056794,0.05900984062086727,0.04644720952885321,0.018729697212647146,80
msd_ag_nsga2_wo_bbr,mechanism_50_4,remote_hotspot,180,0.6326137484580086,0.058857374375670866,0.04572773928505498,0.01855358311657087,80
msd_ag_nsga2_wo_bbr,mechanism_50_4,remote_hotspot,185,0.6336475720555013,0.05873017802878483,0.045213359699826865,0.018461041906850023,80
msd_ag_nsga2_wo_bbr,mechanism_50_4,remote_hotspot,190,0.6353226371899849,0.058763614142816036,0.044426387879906735,0.018369383660563558,80
msd_ag_nsga2_wo_bbr,mechanism_50_4,remote_hotspot,195,0.6363091793795597,0.058711645018294824,0.04386942114391111,0.018412797063223463,80
msd_ag_nsga2_wo_bbr,mechanism_50_4,remote_hotspot,200,0.6376463930422842,0.05847928335823537,0.0432141843427512,0.018405642912088786,80
msd_ag_nsga2_wo_bbr,mechanism_50_4,remote_hotspot,205,0.6391839658665994,0.05861953303141741,0.042615446630014264,0.018439300046643854,80
msd_ag_nsga2_wo_bbr,mechanism_50_4,remote_hotspot,210,0.640409378795464,0.05840916568661178,0.04204391334225131,0.018326746059374798,80
msd_ag_nsga2_wo_bbr,mechanism_50_4,remote_hotspot,215,0.6418049269537167,0.05817166453329957,0.04146156661946295,0.017997619842884324,80
msd_ag_nsga2_wo_bbr,mechanism_50_4,remote_hotspot,220,0.6428347369728726,0.05815867812922615,0.04095533591465321,0.01789442464701805,80
msd_ag_nsga2_wo_bbr,mechanism_50_4,remote_hotspot,225,0.6444616827882628,0.057540641766785354,0.04036757296595474,0.01757546101679806,80
msd_ag_nsga2_wo_bbr,mechanism_50_4,remote_hotspot,230,0.6456882048552517,0.05749191882722022,0.039970421194068635,0.0174605513841556,80
msd_ag_nsga2_wo_bbr,mechanism_50_4,remote_hotspot,235,0.6466875324373164,0.057423459645374195,0.039553648469761345,0.01728864655068895,80
msd_ag_nsga2_wo_bbr,mechanism_50_4,remote_hotspot,240,0.6475669270813406,0.05713105977477467,0.0392020899908071,0.017102494004763165,80
msd_ag_nsga2_wo_bbr,mechanism_50_4,remote_hotspot,245,0.6483919471416207,0.05679714635255642,0.038864642096392385,0.016887479377797807,80
msd_ag_nsga2_wo_decode,mechanism_50_4,multi_hotspot_boundary,0,0.0242078621931216,0.03410621082352052,0.8199407031362137,0.06233365164712406,80
msd_ag_nsga2_wo_decode,mechanism_50_4,multi_hotspot_boundary,1,0.025763733799261425,0.03706869815985772,0.8184280131334983,0.06261501681828664,80
msd_ag_nsga2_wo_decode,mechanism_50_4,multi_hotspot_boundary,5,0.0285063728202681,0.04138764238818034,0.8133303760860444,0.06332825536401344,80
msd_ag_nsga2_wo_decode,mechanism_50_4,multi_hotspot_boundary,10,0.03774714785100895,0.053488644347170024,0.7887583282154377,0.08770652439099053,80
msd_ag_nsga2_wo_decode,mechanism_50_4,multi_hotspot_boundary,15,0.04054231095282733,0.0569731241713871,0.7822852274600718,0.08767807037066182,80
msd_ag_nsga2_wo_decode,mechanism_50_4,multi_hotspot_boundary,20,0.04158138274641125,0.058614312929631346,0.7794995320035965,0.08672548077006903,80
msd_ag_nsga2_wo_decode,mechanism_50_4,multi_hotspot_boundary,25,0.043956292128995926,0.06111610569339952,0.7728442694209416,0.08751032854424767,80
msd_ag_nsga2_wo_decode,mechanism_50_4,multi_hotspot_boundary,30,0.045001052440975055,0.06258029341676923,0.770007393368834,0.08680445002502632,80
msd_ag_nsga2_wo_decode,mechanism_50_4,multi_hotspot_boundary,35,0.04683039977765989,0.06468410459547422,0.7658645069299974,0.08712984477910667,80
msd_ag_nsga2_wo_decode,mechanism_50_4,multi_hotspot_boundary,40,0.04849718407488379,0.06669265521781202,0.7623463095437907,0.08666583062636249,80
msd_ag_nsga2_wo_decode,mechanism_50_4,multi_hotspot_boundary,45,0.04919382282607597,0.06757323700115551,0.7598944111217572,0.08477488333687881,80
msd_ag_nsga2_wo_decode,mechanism_50_4,multi_hotspot_boundary,50,0.050831568490779355,0.0695373570763998,0.7551406753285221,0.08671521304811587,80
msd_ag_nsga2_wo_decode,mechanism_50_4,multi_hotspot_boundary,55,0.05209587730411218,0.07113085754819479,0.751818496626339,0.08652967267610163,80
msd_ag_nsga2_wo_decode,mechanism_50_4,multi_hotspot_boundary,60,0.052959804777401566,0.07214474022373592,0.749638774985355,0.08608649006629529,80
msd_ag_nsga2_wo_decode,mechanism_50_4,multi_hotspot_boundary,65,0.05431423031482101,0.07398123122633614,0.747421927775355,0.08673695093607366,80
msd_ag_nsga2_wo_decode,mechanism_50_4,multi_hotspot_boundary,70,0.054758438038615576,0.07455606349570619,0.7462170780470989,0.08631699507297415,80
msd_ag_nsga2_wo_decode,mechanism_50_4,multi_hotspot_boundary,75,0.05578272156553891,0.07587719715353511,0.7434690385486566,0.08520208019171573,80
msd_ag_nsga2_wo_decode,mechanism_50_4,multi_hotspot_boundary,80,0.057098253439265556,0.07748033278959104,0.7410218246759909,0.08587181310150692,80
msd_ag_nsga2_wo_decode,mechanism_50_4,multi_hotspot_boundary,85,0.057801000959583806,0.07844058739433826,0.7393748631379108,0.08540158063275671,80
msd_ag_nsga2_wo_decode,mechanism_50_4,multi_hotspot_boundary,90,0.05879496746654148,0.0796268009755287,0.73785940572661,0.08579822842819096,80
msd_ag_nsga2_wo_decode,mechanism_50_4,multi_hotspot_boundary,95,0.059516532234520594,0.08054506782261535,0.736899064877627,0.08592236107025508,80
msd_ag_nsga2_wo_decode,mechanism_50_4,multi_hotspot_boundary,100,0.06008896521817236,0.08136354986784723,0.7358448415051315,0.08614765700345015,80
msd_ag_nsga2_wo_decode,mechanism_50_4,multi_hotspot_boundary,105,0.06080850150145996,0.08230975513568972,0.7337622435610129,0.0867720082316089,80
msd_ag_nsga2_wo_decode,mechanism_50_4,multi_hotspot_boundary,110,0.061207215546675,0.08287698410093015,0.7324020225305523,0.08626986053208958,80
msd_ag_nsga2_wo_decode,mechanism_50_4,multi_hotspot_boundary,115,0.06173096557360984,0.08362264689656254,0.731633054164759,0.08621208031309868,80
msd_ag_nsga2_wo_decode,mechanism_50_4,multi_hotspot_boundary,120,0.06248783964707627,0.08449749790006472,0.7301219662113306,0.08669829758969476,80
msd_ag_nsga2_wo_decode,mechanism_50_4,multi_hotspot_boundary,125,0.06292185544234703,0.08503114619930187,0.7290606488994472,0.08640374695084535,80
msd_ag_nsga2_wo_decode,mechanism_50_4,multi_hotspot_boundary,130,0.06343221996797145,0.08568267367343689,0.727933091134122,0.08647979740500888,80
msd_ag_nsga2_wo_decode,mechanism_50_4,multi_hotspot_boundary,135,0.06393042195997287,0.08628243353145755,0.726769718432362,0.08642206378350521,80
msd_ag_nsga2_wo_decode,mechanism_50_4,multi_hotspot_boundary,140,0.06462474960119695,0.08743593145101469,0.7253687768941713,0.08619279440314062,80
msd_ag_nsga2_wo_decode,mechanism_50_4,multi_hotspot_boundary,145,0.06509521594036669,0.08798887882171336,0.7237145801160672,0.08647113498506655,80
msd_ag_nsga2_wo_decode,mechanism_50_4,multi_hotspot_boundary,150,0.06551609777721558,0.08856679713215201,0.7228546930932273,0.08648290821361129,80
msd_ag_nsga2_wo_decode,mechanism_50_4,multi_hotspot_boundary,155,0.0659392595214088,0.08918779407552406,0.7215640061854545,0.08683333793258599,80
msd_ag_nsga2_wo_decode,mechanism_50_4,multi_hotspot_boundary,160,0.06639178061605207,0.08980059918149287,0.7204381470576647,0.08699372468298419,80
msd_ag_nsga2_wo_decode,mechanism_50_4,multi_hotspot_boundary,165,0.06660993062179735,0.09009902455768495,0.7197425338884381,0.0867033440372434,80
msd_ag_nsga2_wo_decode,mechanism_50_4,multi_hotspot_boundary,170,0.06695941642469283,0.0905479879440246,0.7183661372085254,0.08631878162238076,80
msd_ag_nsga2_wo_decode,mechanism_50_4,multi_hotspot_boundary,175,0.06720486894230568,0.09087822713501495,0.7176402899253089,0.08608715112725286,80
msd_ag_nsga2_wo_decode,mechanism_50_4,multi_hotspot_boundary,180,0.06762411533532565,0.09149239355785689,0.7169614217160266,0.08636662460181822,80
msd_ag_nsga2_wo_decode,mechanism_50_4,multi_hotspot_boundary,185,0.06796533168024174,0.09196447470278019,0.7163717557517473,0.0864026090947595,80
msd_ag_nsga2_wo_decode,mechanism_50_4,multi_hotspot_boundary,190,0.06822298774190508,0.09235025269646585,0.7156874804408904,0.0866976346712669,80
msd_ag_nsga2_wo_decode,mechanism_50_4,multi_hotspot_boundary,195,0.06854408973379658,0.09282318211272485,0.7151619939410737,0.08681095088281762,80
msd_ag_nsga2_wo_decode,mechanism_50_4,multi_hotspot_boundary,200,0.06890439074742846,0.093348770428936,0.7146791418487781,0.08743109052144925,80
msd_ag_nsga2_wo_decode,mechanism_50_4,multi_hotspot_boundary,205,0.06915251806974818,0.09368974666960335,0.7141547420118878,0.0873000993853505,80
msd_ag_nsga2_wo_decode,mechanism_50_4,multi_hotspot_boundary,210,0.06942864317808375,0.09406163028620293,0.7135253427022757,0.08761213491234765,80
msd_ag_nsga2_wo_decode,mechanism_50_4,multi_hotspot_boundary,215,0.06975075923315581,0.09445030950982174,0.7128192918414907,0.08778737733773959,80
msd_ag_nsga2_wo_decode,mechanism_50_4,multi_hotspot_boundary,220,0.06998137224729961,0.09478243910614695,0.7122279645738889,0.08775559922285363,80
msd_ag_nsga2_wo_decode,mechanism_50_4,multi_hotspot_boundary,225,0.07041353900958078,0.09540691969743899,0.7117194556815118,0.0878655969028277,80
msd_ag_nsga2_wo_decode,mechanism_50_4,multi_hotspot_boundary,230,0.07073010309836014,0.09580664464300531,0.7112283416769472,0.08784368985531667,80
msd_ag_nsga2_wo_decode,mechanism_50_4,multi_hotspot_boundary,235,0.0709577233737261,0.09611524999264451,0.7109737083823642,0.08777631833754707,80
msd_ag_nsga2_wo_decode,mechanism_50_4,multi_hotspot_boundary,240,0.07114350414573804,0.0963839484272154,0.7105556559330182,0.08790987062626673,80
msd_ag_nsga2_wo_decode,mechanism_50_4,multi_hotspot_boundary,245,0.07143788680270294,0.09677874106750939,0.7103090031615397,0.08792471559012198,80
msd_ag_nsga2_wo_decode,mechanism_50_4,remote_hotspot,0,0.1132474842975767,0.03856610169987571,0.5943443472632263,0.12108231511575758,80
msd_ag_nsga2_wo_decode,mechanism_50_4,remote_hotspot,1,0.12162888304564064,0.0414909864162362,0.5885535822137515,0.1224631504428486,80
msd_ag_nsga2_wo_decode,mechanism_50_4,remote_hotspot,5,0.1298522886577998,0.04363796590004896,0.5828369471812301,0.12311068008752832,80
msd_ag_nsga2_wo_decode,mechanism_50_4,remote_hotspot,10,0.1463107820395888,0.0436319799632683,0.5450014415037783,0.11160834021645376,80
msd_ag_nsga2_wo_decode,mechanism_50_4,remote_hotspot,15,0.1539831921244644,0.044588085169597974,0.5302328916091981,0.11145893174270749,80
msd_ag_nsga2_wo_decode,mechanism_50_4,remote_hotspot,20,0.15816255282214783,0.045626476315812174,0.5277965679117249,0.11245823091886877,80
msd_ag_nsga2_wo_decode,mechanism_50_4,remote_hotspot,25,0.1636548746375621,0.045344701998656464,0.5196627538824453,0.10975402212224077,80
msd_ag_nsga2_wo_decode,mechanism_50_4,remote_hotspot,30,0.1673647381304271,0.04574748322107162,0.5168853164759752,0.1084113901502753,80
msd_ag_nsga2_wo_decode,mechanism_50_4,remote_hotspot,35,0.1727079213195058,0.04602871952341369,0.5109687524549077,0.10768783590636806,80
msd_ag_nsga2_wo_decode,mechanism_50_4,remote_hotspot,40,0.1778741882542886,0.04534146435514412,0.504609435253666,0.10568705648996249,80
msd_ag_nsga2_wo_decode,mechanism_50_4,remote_hotspot,45,0.18193975561622167,0.045477896533802374,0.5018042786403145,0.10450626073159613,80
msd_ag_nsga2_wo_decode,mechanism_50_4,remote_hotspot,50,0.1860411724584083,0.04566521644458224,0.4965283261730697,0.10458132812576058,80
msd_ag_nsga2_wo_decode,mechanism_50_4,remote_hotspot,55,0.19077236518601173,0.04622310055754493,0.4902348782954878,0.10458107688927858,80
msd_ag_nsga2_wo_decode,mechanism_50_4,remote_hotspot,60,0.19468425149363267,0.046930287871104065,0.4879565591674046,0.10469342501142506,80
msd_ag_nsga2_wo_decode,mechanism_50_4,remote_hotspot,65,0.1986530384414011,0.047350582190636835,0.4822455865909835,0.10522958701194442,80
msd_ag_nsga2_wo_decode,mechanism_50_4,remote_hotspot,70,0.201511439393665,0.04768650754346338,0.47973086681582994,0.10493438430557153,80
msd_ag_nsga2_wo_decode,mechanism_50_4,remote_hotspot,75,0.20478740370816811,0.04828075980691554,0.4757074478471887,0.10692222237509734,80
msd_ag_nsga2_wo_decode,mechanism_50_4,remote_hotspot,80,0.20841163786417854,0.04863846446927957,0.47181914541627756,0.10679002083938104,80
msd_ag_nsga2_wo_decode,mechanism_50_4,remote_hotspot,85,0.2114533300649367,0.04843697076736993,0.46985967203242807,0.10633774749912475,80
msd_ag_nsga2_wo_decode,mechanism_50_4,remote_hotspot,90,0.21531493512145822,0.04891166874039318,0.465586485391355,0.10583796694319103,80
msd_ag_nsga2_wo_decode,mechanism_50_4,remote_hotspot,95,0.21855832119888255,0.049169865926923975,0.46190443453820806,0.10552317821795534,80
msd_ag_nsga2_wo_decode,mechanism_50_4,remote_hotspot,100,0.2209680097069246,0.04918984560213734,0.45999469289860995,0.10495020970889746,80
msd_ag_nsga2_wo_decode,mechanism_50_4,remote_hotspot,105,0.22374029149216418,0.04950043580611315,0.4574640566062251,0.10567040463250824,80
msd_ag_nsga2_wo_decode,mechanism_50_4,remote_hotspot,110,0.22586350175727885,0.04949111458706501,0.4562154197058357,0.10524262148380858,80
msd_ag_nsga2_wo_decode,mechanism_50_4,remote_hotspot,115,0.22806933443348326,0.04952438532086335,0.4540763569947341,0.10541897264244902,80
msd_ag_nsga2_wo_decode,mechanism_50_4,remote_hotspot,120,0.2303464074504606,0.049542870337525954,0.451843514670594,0.10572860129791035,80
msd_ag_nsga2_wo_decode,mechanism_50_4,remote_hotspot,125,0.232232871797491,0.049805127983349504,0.4503700081768489,0.10597901992448444,80
msd_ag_nsga2_wo_decode,mechanism_50_4,remote_hotspot,130,0.23396145721454847,0.04978138401172427,0.4493350497366958,0.10596251164917622,80
msd_ag_nsga2_wo_decode,mechanism_50_4,remote_hotspot,135,0.2357776590893727,0.049598935059955926,0.44732353705024896,0.10557012901605513,80
msd_ag_nsga2_wo_decode,mechanism_50_4,remote_hotspot,140,0.23767178339100595,0.04957309224612767,0.4454331659155688,0.10532610582599573,80
msd_ag_nsga2_wo_decode,mechanism_50_4,remote_hotspot,145,0.2396934980245668,0.05006375092272595,0.4438818028614472,0.10547331596793026,80
msd_ag_nsga2_wo_decode,mechanism_50_4,remote_hotspot,150,0.24121642094090445,0.050379247265845785,0.4427591340022762,0.10539260632042055,80
msd_ag_nsga2_wo_decode,mechanism_50_4,remote_hotspot,155,0.24287862804714325,0.05081314537863998,0.441174792445862,0.1056682932757203,80
msd_ag_nsga2_wo_decode,mechanism_50_4,remote_hotspot,160,0.2443931105776802,0.050941640481771334,0.44001608830781647,0.10523376576164188,80
msd_ag_nsga2_wo_decode,mechanism_50_4,remote_hotspot,165,0.24584677468358046,0.05112530366404806,0.4383317387265759,0.10544770638279087,80
msd_ag_nsga2_wo_decode,mechanism_50_4,remote_hotspot,170,0.24709688502425503,0.05149602352902319,0.43774914501547124,0.1052089462289526,80
msd_ag_nsga2_wo_decode,mechanism_50_4,remote_hotspot,175,0.24853621052843114,0.05156269178298196,0.4364869063087662,0.10540564955007858,80
msd_ag_nsga2_wo_decode,mechanism_50_4,remote_hotspot,180,0.2497909153780574,0.0516044663357193,0.4355958703687849,0.10522256136486918,80
msd_ag_nsga2_wo_decode,mechanism_50_4,remote_hotspot,185,0.25061666528943116,0.05175929326593571,0.4349760322403947,0.104973352734428,80
msd_ag_nsga2_wo_decode,mechanism_50_4,remote_hotspot,190,0.2516619897270398,0.05168259779864423,0.43405538657598947,0.10454095975809989,80
msd_ag_nsga2_wo_decode,mechanism_50_4,remote_hotspot,195,0.25266800515031135,0.05164648982853516,0.43255339317896235,0.10372100804775852,80
msd_ag_nsga2_wo_decode,mechanism_50_4,remote_hotspot,200,0.25381817048123223,0.05169415886660969,0.43161577813841756,0.10385191844639267,80
msd_ag_nsga2_wo_decode,mechanism_50_4,remote_hotspot,205,0.25450588995350515,0.05189188316360929,0.4310060121506748,0.10386633890545867,80
msd_ag_nsga2_wo_decode,mechanism_50_4,remote_hotspot,210,0.2554351192354495,0.05191598016962821,0.43037438037182446,0.10402475239663873,80
msd_ag_nsga2_wo_decode,mechanism_50_4,remote_hotspot,215,0.2562443384888774,0.05202239688104953,0.42975799758956174,0.10423268463354592,80
msd_ag_nsga2_wo_decode,mechanism_50_4,remote_hotspot,220,0.2570180197923012,0.05181561857052373,0.4290850784880297,0.10415555159970503,80
msd_ag_nsga2_wo_decode,mechanism_50_4,remote_hotspot,225,0.25788544510906225,0.0518392326481483,0.42838385142146207,0.10409694371124173,80
msd_ag_nsga2_wo_decode,mechanism_50_4,remote_hotspot,230,0.2586744007046432,0.05178862895986548,0.4277642262215222,0.10351144798240516,80
msd_ag_nsga2_wo_decode,mechanism_50_4,remote_hotspot,235,0.25980029867775095,0.051680344669462634,0.4274016532805544,0.10385230288616965,80
msd_ag_nsga2_wo_decode,mechanism_50_4,remote_hotspot,240,0.26081059586588007,0.05161536071962814,0.4264128885380771,0.10312450903070139,80
msd_ag_nsga2_wo_decode,mechanism_50_4,remote_hotspot,245,0.2614124905154186,0.051583545192590737,0.4258941177036991,0.10286259597652274,80
msd_ag_nsga2_wo_dual_init,mechanism_50_4,multi_hotspot_boundary,0,0.0,0.0,1.0642250519590761,0.08107766099080788,80
msd_ag_nsga2_wo_dual_init,mechanism_50_4,multi_hotspot_boundary,1,0.0,0.0,1.02873952882791,0.06923805622841962,80
msd_ag_nsga2_wo_dual_init,mechanism_50_4,multi_hotspot_boundary,5,0.0,0.0,0.9892131817264135,0.045425673661067194,80
msd_ag_nsga2_wo_dual_init,mechanism_50_4,multi_hotspot_boundary,10,6.249332008646293e-06,5.554527787120158e-05,0.9310242873424859,0.049070926010181294,80
msd_ag_nsga2_wo_dual_init,mechanism_50_4,multi_hotspot_boundary,15,0.0005337207957443079,0.002277225272478432,0.9041204304050539,0.06196107610286913,80
msd_ag_nsga2_wo_dual_init,mechanism_50_4,multi_hotspot_boundary,20,0.0020613843777755906,0.006523891478525618,0.897767611717099,0.06730330972283674,80
msd_ag_nsga2_wo_dual_init,mechanism_50_4,multi_hotspot_boundary,25,0.0070631957271073435,0.018907667832227228,0.8558550104620058,0.09080728355811636,80
msd_ag_nsga2_wo_dual_init,mechanism_50_4,multi_hotspot_boundary,30,0.010296197985866057,0.025182750825256076,0.8484475236905334,0.09573890964310809,80
msd_ag_nsga2_wo_dual_init,mechanism_50_4,multi_hotspot_boundary,35,0.01689657996224823,0.03752254549538568,0.8071646846781405,0.11082524164923085,80
msd_ag_nsga2_wo_dual_init,mechanism_50_4,multi_hotspot_boundary,40,0.025182721394192493,0.048716197380401935,0.7700977928767554,0.11727414093292146,80
msd_ag_nsga2_wo_dual_init,mechanism_50_4,multi_hotspot_boundary,45,0.030188149518372055,0.05624800498846855,0.7581152188045728,0.12462544274286363,80
msd_ag_nsga2_wo_dual_init,mechanism_50_4,multi_hotspot_boundary,50,0.041697137278683113,0.07058257619339632,0.720323234058576,0.14263035912619387,80
msd_ag_nsga2_wo_dual_init,mechanism_50_4,multi_hotspot_boundary,55,0.056449382932016165,0.08647293822039472,0.677802759691036,0.16076488906388373,80
msd_ag_nsga2_wo_dual_init,mechanism_50_4,multi_hotspot_boundary,60,0.06291445953210377,0.09410058594987866,0.6688620331291927,0.16712659448491868,80
msd_ag_nsga2_wo_dual_init,mechanism_50_4,multi_hotspot_boundary,65,0.07735656275476417,0.10282163464985286,0.6297498272301632,0.17396163116107033,80
msd_ag_nsga2_wo_dual_init,mechanism_50_4,multi_hotspot_boundary,70,0.0854066367938199,0.11104890958998047,0.616591956753171,0.1803578476777293,80
msd_ag_nsga2_wo_dual_init,mechanism_50_4,multi_hotspot_boundary,75,0.10116790045194339,0.11795191278828324,0.5782286694163858,0.1856772994118692,80
msd_ag_nsga2_wo_dual_init,mechanism_50_4,multi_hotspot_boundary,80,0.11680924076680985,0.1256575848288335,0.5458265083317972,0.18782788265286832,80
msd_ag_nsga2_wo_dual_init,mechanism_50_4,multi_hotspot_boundary,85,0.12237462431781625,0.12907411246939376,0.5380330171604163,0.1897469632829905,80
msd_ag_nsga2_wo_dual_init,mechanism_50_4,multi_hotspot_boundary,90,0.13549981269989222,0.133426854970807,0.5126599045988998,0.19091295615329312,80
msd_ag_nsga2_wo_dual_init,mechanism_50_4,multi_hotspot_boundary,95,0.14807083517070652,0.13948719693706174,0.49158797348398287,0.19489126010310762,80
msd_ag_nsga2_wo_dual_init,mechanism_50_4,multi_hotspot_boundary,100,0.15419067650496576,0.14424305481773456,0.484548504531683,0.19660952128996537,80
msd_ag_nsga2_wo_dual_init,mechanism_50_4,multi_hotspot_boundary,105,0.1645799421257436,0.14682826767902457,0.4649361580854663,0.18966938122831117,80
msd_ag_nsga2_wo_dual_init,mechanism_50_4,multi_hotspot_boundary,110,0.1711006487330235,0.15012996843003362,0.45518903567945274,0.18892430528383805,80
msd_ag_nsga2_wo_dual_init,mechanism_50_4,multi_hotspot_boundary,115,0.1795042325497066,0.15259194196873854,0.44098822341298105,0.18579420037261618,80
msd_ag_nsga2_wo_dual_init,mechanism_50_4,multi_hotspot_boundary,120,0.1894019340507183,0.15398499902736007,0.42460510743075836,0.18253204966969605,80
msd_ag_nsga2_wo_dual_init,mechanism_50_4,multi_hotspot_boundary,125,0.1951926476704089,0.15606743149187702,0.41715998038649477,0.18399801152866058,80
msd_ag_nsga2_wo_dual_init,mechanism_50_4,multi_hotspot_boundary,130,0.2028158406082242,0.1557584430498003,0.40511757080675537,0.18045595231667722,80
msd_ag_nsga2_wo_dual_init,mechanism_50_4,multi_hotspot_boundary,135,0.20915819622332443,0.1566225379324552,0.39496424868325575,0.17848306497498162,80
msd_ag_nsga2_wo_dual_init,mechanism_50_4,multi_hotspot_boundary,140,0.21440781078746857,0.15752679764040686,0.38818144919493575,0.17950407701324497,80
msd_ag_nsga2_wo_dual_init,mechanism_50_4,multi_hotspot_boundary,145,0.2212326238362889,0.1582649719269142,0.3782857042285048,0.17458743080036893,80
msd_ag_nsga2_wo_dual_init,mechanism_50_4,multi_hotspot_boundary,150,0.22532735431976186,0.15960865706882987,0.3739310146416613,0.17439120412978007,80
msd_ag_nsga2_wo_dual_init,mechanism_50_4,multi_hotspot_boundary,155,0.23114874580960532,0.15966262169557155,0.3652980981555634,0.16943318004556526,80
msd_ag_nsga2_wo_dual_init,mechanism_50_4,multi_hotspot_boundary,160,0.23903989559633873,0.15963961259102485,0.3541266566552971,0.16456646385762255,80
msd_ag_nsga2_wo_dual_init,mechanism_50_4,multi_hotspot_boundary,165,0.24340130229697418,0.1600416896173272,0.3488932902044028,0.16214230203342633,80
msd_ag_nsga2_wo_dual_init,mechanism_50_4,multi_hotspot_boundary,170,0.24945428359057287,0.1613696026530405,0.34223821179001557,0.16270541973795888,80
msd_ag_nsga2_wo_dual_init,mechanism_50_4,multi_hotspot_boundary,175,0.2544653981485887,0.16176732246561648,0.3365314577846659,0.1607773647087441,80
msd_ag_nsga2_wo_dual_init,mechanism_50_4,multi_hotspot_boundary,180,0.2580148041666058,0.16221474483168716,0.3332535908241899,0.1594225024611246,80
msd_ag_nsga2_wo_dual_init,mechanism_50_4,multi_hotspot_boundary,185,0.2625270497586373,0.1621627020207522,0.3281842384966156,0.15781998226757712,80
msd_ag_nsga2_wo_dual_init,mechanism_50_4,multi_hotspot_boundary,190,0.265568687183364,0.16259497688951624,0.3253528347205842,0.15798043431924177,80
msd_ag_nsga2_wo_dual_init,mechanism_50_4,multi_hotspot_boundary,195,0.27072239341329857,0.16280042936285133,0.3200161993797426,0.156979645547186,80
msd_ag_nsga2_wo_dual_init,mechanism_50_4,multi_hotspot_boundary,200,0.27653239493774345,0.16169356235556018,0.31172277895517364,0.1503181575138036,80
msd_ag_nsga2_wo_dual_init,mechanism_50_4,multi_hotspot_boundary,205,0.27981316724480554,0.16186785910844537,0.3085988110288645,0.14932053811677468,80
msd_ag_nsga2_wo_dual_init,mechanism_50_4,multi_hotspot_boundary,210,0.28332472737205583,0.1622848130969863,0.30545979526720324,0.1493533383839902,80
msd_ag_nsga2_wo_dual_init,mechanism_50_4,multi_hotspot_boundary,215,0.28830487139701316,0.16139887601170064,0.2987488029672693,0.1456957441294861,80
msd_ag_nsga2_wo_dual_init,mechanism_50_4,multi_hotspot_boundary,220,0.29127058437850967,0.16220865913915458,0.2956788068021337,0.14573938553293864,80
msd_ag_nsga2_wo_dual_init,mechanism_50_4,multi_hotspot_boundary,225,0.29509915680517607,0.1610217008534401,0.29120436642730957,0.1418775163792373,80
msd_ag_nsga2_wo_dual_init,mechanism_50_4,multi_hotspot_boundary,230,0.2985336254219274,0.161119059515876,0.288471735644087,0.14146579497948986,80
msd_ag_nsga2_wo_dual_init,mechanism_50_4,multi_hotspot_boundary,235,0.30279087823340706,0.16080897561158866,0.2832886980594803,0.13977274073940724,80
msd_ag_nsga2_wo_dual_init,mechanism_50_4,multi_hotspot_boundary,240,0.30651092021761905,0.1604732299231244,0.2781369794432257,0.13652287027410362,80
msd_ag_nsga2_wo_dual_init,mechanism_50_4,multi_hotspot_boundary,245,0.3089996985386376,0.16057964021223234,0.2758877852040402,0.13607511849427475,80
msd_ag_nsga2_wo_dual_init,mechanism_50_4,remote_hotspot,0,0.0,0.0,1.145357216097453,0.07808858902792754,80
msd_ag_nsga2_wo_dual_init,mechanism_50_4,remote_hotspot,1,6.645417509681178e-05,0.000590657628102795,1.1173992383775553,0.08931256018547692,80
msd_ag_nsga2_wo_dual_init,mechanism_50_4,remote_hotspot,5,0.0007280632972198675,0.002646952704499437,1.017503841462114,0.12761866390107005,80
msd_ag_nsga2_wo_dual_init,mechanism_50_4,remote_hotspot,10,0.0071318371122641696,0.013946767182228191,0.8523207423899567,0.1281384179046249,80
msd_ag_nsga2_wo_dual_init,mechanism_50_4,remote_hotspot,15,0.02160116168351974,0.03437687613029526,0.7648502046406178,0.13060696780430212,80
msd_ag_nsga2_wo_dual_init,mechanism_50_4,remote_hotspot,20,0.030636385014808865,0.04481124356418186,0.748680393101394,0.14156263632597446,80
msd_ag_nsga2_wo_dual_init,mechanism_50_4,remote_hotspot,25,0.05904053669956973,0.06608525240987753,0.6656304729801328,0.16173932207808547,80
msd_ag_nsga2_wo_dual_init,mechanism_50_4,remote_hotspot,30,0.07598173893363938,0.07591034641825416,0.6370098853005487,0.17132104689133698,80
msd_ag_nsga2_wo_dual_init,mechanism_50_4,remote_hotspot,35,0.10918991199603682,0.09028123687727083,0.568892147175206,0.1814070815272066,80
msd_ag_nsga2_wo_dual_init,mechanism_50_4,remote_hotspot,40,0.141112943687783,0.09941651760995117,0.5119708679862416,0.18339240393200423,80
msd_ag_nsga2_wo_dual_init,mechanism_50_4,remote_hotspot,45,0.15540218433977274,0.1019293867021133,0.4939678272646829,0.1809582980856489,80
msd_ag_nsga2_wo_dual_init,mechanism_50_4,remote_hotspot,50,0.1820763741328079,0.10699093110897752,0.45135048780916803,0.17767669939441486,80
msd_ag_nsga2_wo_dual_init,mechanism_50_4,remote_hotspot,55,0.20688334427293972,0.10856023884029574,0.41355271710604813,0.17041966964686284,80
msd_ag_nsga2_wo_dual_init,mechanism_50_4,remote_hotspot,60,0.22000981697587782,0.1101594269325875,0.3995229900171958,0.16834609468139666,80
msd_ag_nsga2_wo_dual_init,mechanism_50_4,remote_hotspot,65,0.24059292940535953,0.11232811183382087,0.3730908478477228,0.16589680365347367,80
msd_ag_nsga2_wo_dual_init,mechanism_50_4,remote_hotspot,70,0.2523999189420432,0.11364115277298827,0.36008542185259057,0.16530073436192422,80
msd_ag_nsga2_wo_dual_init,mechanism_50_4,remote_hotspot,75,0.2703500341236261,0.1124810514017902,0.3375867606172397,0.1566290751820491,80
msd_ag_nsga2_wo_dual_init,mechanism_50_4,remote_hotspot,80,0.2834182684768701,0.1094232284092179,0.32060463744467543,0.1450087473498654,80
msd_ag_nsga2_wo_dual_init,mechanism_50_4,remote_hotspot,85,0.29329523739550717,0.10989719912665757,0.3106777983512701,0.14306650257754808,80
msd_ag_nsga2_wo_dual_init,mechanism_50_4,remote_hotspot,90,0.30882516185359143,0.10721852351640042,0.291988044861013,0.13526512984134292,80
msd_ag_nsga2_wo_dual_init,mechanism_50_4,remote_hotspot,95,0.32067585967095713,0.10431431549365124,0.2796453505696424,0.1273505174751577,80
msd_ag_nsga2_wo_dual_init,mechanism_50_4,remote_hotspot,100,0.3288651561297211,0.10455625865396953,0.2725813624083505,0.12692478038596944,80
msd_ag_nsga2_wo_dual_init,mechanism_50_4,remote_hotspot,105,0.3394384224559367,0.10388044929515687,0.2610887265136084,0.12194737301897622,80
msd_ag_nsga2_wo_dual_init,mechanism_50_4,remote_hotspot,110,0.3447844066409503,0.10417247597863338,0.25659357833896196,0.12167776586438651,80
msd_ag_nsga2_wo_dual_init,mechanism_50_4,remote_hotspot,115,0.35530674640569276,0.10312159652815285,0.2468074705514412,0.11953748876808697,80
msd_ag_nsga2_wo_dual_init,mechanism_50_4,remote_hotspot,120,0.36402180202434686,0.10230412817080119,0.23864294372447992,0.11668036869144711,80
msd_ag_nsga2_wo_dual_init,mechanism_50_4,remote_hotspot,125,0.36970589467837583,0.10219974979250049,0.2323131910348394,0.1137976834377427,80
msd_ag_nsga2_wo_dual_init,mechanism_50_4,remote_hotspot,130,0.3766300990186256,0.10034002445759667,0.22630961641090802,0.110645715977689,80
msd_ag_nsga2_wo_dual_init,mechanism_50_4,remote_hotspot,135,0.3826320277915359,0.09992012824252736,0.22153561677587302,0.10882102854025567,80
msd_ag_nsga2_wo_dual_init,mechanism_50_4,remote_hotspot,140,0.3877499605189082,0.09985456494035547,0.21665199793304715,0.10842654810479233,80
msd_ag_nsga2_wo_dual_init,mechanism_50_4,remote_hotspot,145,0.39472986728869525,0.09778244009759518,0.20939454101088267,0.10337031598611743,80
msd_ag_nsga2_wo_dual_init,mechanism_50_4,remote_hotspot,150,0.3993706992307854,0.09710124667039498,0.20520423330021043,0.10227792039407096,80
msd_ag_nsga2_wo_dual_init,mechanism_50_4,remote_hotspot,155,0.4047938589200869,0.09662203052927253,0.20044298641185104,0.09931240924113711,80
msd_ag_nsga2_wo_dual_init,mechanism_50_4,remote_hotspot,160,0.4098389646899362,0.0959655359816661,0.19602876695003238,0.09773939805219144,80
msd_ag_nsga2_wo_dual_init,mechanism_50_4,remote_hotspot,165,0.41365601090177717,0.09581502683743436,0.19336310469856374,0.09762520471805865,80
msd_ag_nsga2_wo_dual_init,mechanism_50_4,remote_hotspot,170,0.41811294167991253,0.09549075901913304,0.18977457523302874,0.09695325027758789,80
msd_ag_nsga2_wo_dual_init,mechanism_50_4,remote_hotspot,175,0.4229111463191842,0.09502506739964156,0.18595746069058738,0.09682721447921566,80
msd_ag_nsga2_wo_dual_init,mechanism_50_4,remote_hotspot,180,0.4257177210139348,0.09466235432110948,0.18392935889493636,0.09590462030615116,80
msd_ag_nsga2_wo_dual_init,mechanism_50_4,remote_hotspot,185,0.4303910532874875,0.09299710355817596,0.179528848861364,0.09245551428282167,80
msd_ag_nsga2_wo_dual_init,mechanism_50_4,remote_hotspot,190,0.4335910665354682,0.09275656498731524,0.1770340863141669,0.09251268524257093,80
msd_ag_nsga2_wo_dual_init,mechanism_50_4,remote_hotspot,195,0.4371892718557868,0.09226941668715538,0.17402542541873545,0.0919382499260311,80
msd_ag_nsga2_wo_dual_init,mechanism_50_4,remote_hotspot,200,0.44161152882044963,0.09182266775503518,0.17001337556127583,0.08982707907314688,80
msd_ag_nsga2_wo_dual_init,mechanism_50_4,remote_hotspot,205,0.444633088288713,0.09101469660950336,0.1674585846227359,0.08737372288513735,80
msd_ag_nsga2_wo_dual_init,mechanism_50_4,remote_hotspot,210,0.4480068417862354,0.08973894635385617,0.16464972643990522,0.08606748037179356,80
msd_ag_nsga2_wo_dual_init,mechanism_50_4,remote_hotspot,215,0.4514820578076583,0.08912709409065117,0.16241767453000083,0.08534957168525427,80
msd_ag_nsga2_wo_dual_init,mechanism_50_4,remote_hotspot,220,0.4540747411194319,0.0882898221707924,0.1593843596521825,0.08340239029063226,80
msd_ag_nsga2_wo_dual_init,mechanism_50_4,remote_hotspot,225,0.45719795640913186,0.08727134782446816,0.15673688878821596,0.0816227832731993,80
msd_ag_nsga2_wo_dual_init,mechanism_50_4,remote_hotspot,230,0.4594950249796826,0.0869000029353999,0.15412307028822222,0.08007537428394033,80
msd_ag_nsga2_wo_dual_init,mechanism_50_4,remote_hotspot,235,0.4630075350428712,0.08546459883561076,0.15075997118216303,0.07809860006753166,80
msd_ag_nsga2_wo_dual_init,mechanism_50_4,remote_hotspot,240,0.4657614123798167,0.08497517547218977,0.14866088407339334,0.07725227411886855,80
msd_ag_nsga2_wo_dual_init,mechanism_50_4,remote_hotspot,245,0.46773596133876955,0.08461527683417368,0.14737411051027846,0.0767772079337206,80
msd_ag_nsga2_wo_gtw_ls,mechanism_50_4,multi_hotspot_boundary,0,0.38402147172631074,0.09809079888153176,0.1669076760095926,0.04709751373470077,80
msd_ag_nsga2_wo_gtw_ls,mechanism_50_4,multi_hotspot_boundary,1,0.4004274877556878,0.10331810193920941,0.1598163012968953,0.04750598278308841,80
msd_ag_nsga2_wo_gtw_ls,mechanism_50_4,multi_hotspot_boundary,5,0.42376415523300504,0.10655721856297601,0.14668549737125014,0.04364749938876497,80
msd_ag_nsga2_wo_gtw_ls,mechanism_50_4,multi_hotspot_boundary,10,0.45830675827507583,0.09815266570509368,0.11979969565997366,0.0339804287505331,80
msd_ag_nsga2_wo_gtw_ls,mechanism_50_4,multi_hotspot_boundary,15,0.4701048181107336,0.0975664864025767,0.11350859610947821,0.03231714696817678,80
msd_ag_nsga2_wo_gtw_ls,mechanism_50_4,multi_hotspot_boundary,20,0.479252367174048,0.09620910447622408,0.10912984598600457,0.03068918911336898,80
msd_ag_nsga2_wo_gtw_ls,mechanism_50_4,multi_hotspot_boundary,25,0.488149684757742,0.09583626572439477,0.10408704601630185,0.02914138645190792,80
msd_ag_nsga2_wo_gtw_ls,mechanism_50_4,multi_hotspot_boundary,30,0.49517981329922306,0.09535899079006019,0.10108826726634368,0.028434452112351797,80
msd_ag_nsga2_wo_gtw_ls,mechanism_50_4,multi_hotspot_boundary,35,0.5013380404562235,0.0936179802139534,0.09725830227269427,0.027043070478524264,80
msd_ag_nsga2_wo_gtw_ls,mechanism_50_4,multi_hotspot_boundary,40,0.5083972280203423,0.09431913976546055,0.09373602797126462,0.026573201086941018,80
msd_ag_nsga2_wo_gtw_ls,mechanism_50_4,multi_hotspot_boundary,45,0.5130008186742699,0.09481563988906559,0.09131420815434636,0.0265113659362109,80
msd_ag_nsga2_wo_gtw_ls,mechanism_50_4,multi_hotspot_boundary,50,0.518933205903414,0.09384895362292424,0.08774705944657049,0.025600914577315004,80
msd_ag_nsga2_wo_gtw_ls,mechanism_50_4,multi_hotspot_boundary,55,0.5239035423381943,0.09290270916784818,0.0846642957400201,0.025477452956475875,80
msd_ag_nsga2_wo_gtw_ls,mechanism_50_4,multi_hotspot_boundary,60,0.5275436674203808,0.09367367773956427,0.08263295944597418,0.02555663848186849,80
msd_ag_nsga2_wo_gtw_ls,mechanism_50_4,multi_hotspot_boundary,65,0.5311485495533027,0.0929656622351864,0.08076908333676533,0.025019926979976813,80
msd_ag_nsga2_wo_gtw_ls,mechanism_50_4,multi_hotspot_boundary,70,0.5342776642132819,0.0927806559800396,0.07926423630719566,0.02526666775525081,80
msd_ag_nsga2_wo_gtw_ls,mechanism_50_4,multi_hotspot_boundary,75,0.5380295971826774,0.09268636983266014,0.07707638171874623,0.024708287121674232,80
msd_ag_nsga2_wo_gtw_ls,mechanism_50_4,multi_hotspot_boundary,80,0.5418756565328295,0.09291501944972301,0.07492859387419523,0.024306786912547243,80
msd_ag_nsga2_wo_gtw_ls,mechanism_50_4,multi_hotspot_boundary,85,0.5449037652310965,0.09319537708025757,0.07356431296760155,0.02425291223763434,80
msd_ag_nsga2_wo_gtw_ls,mechanism_50_4,multi_hotspot_boundary,90,0.5476989989366579,0.09383284920636918,0.07225872662910435,0.024152393052965626,80
msd_ag_nsga2_wo_gtw_ls,mechanism_50_4,multi_hotspot_boundary,95,0.551093125954857,0.09513141021664462,0.07098397886859874,0.024209222571831914,80
msd_ag_nsga2_wo_gtw_ls,mechanism_50_4,multi_hotspot_boundary,100,0.5532392989014661,0.0948409624579073,0.07006542036548942,0.023903754072724725,80
msd_ag_nsga2_wo_gtw_ls,mechanism_50_4,multi_hotspot_boundary,105,0.5564021427794543,0.09538622717112664,0.06875601626462473,0.023872484729430724,80
msd_ag_nsga2_wo_gtw_ls,mechanism_50_4,multi_hotspot_boundary,110,0.5590999392678283,0.09545427092263604,0.06753396338358912,0.02334118713016903,80
msd_ag_nsga2_wo_gtw_ls,mechanism_50_4,multi_hotspot_boundary,115,0.5624233447962821,0.09550278245531818,0.06600561014479274,0.023064380384612854,80
msd_ag_nsga2_wo_gtw_ls,mechanism_50_4,multi_hotspot_boundary,120,0.5646382870247976,0.09585863362232444,0.06491058276122526,0.022839230050104103,80
msd_ag_nsga2_wo_gtw_ls,mechanism_50_4,multi_hotspot_boundary,125,0.5671932100465337,0.09672703532503277,0.06379555112393002,0.022971425239106148,80
msd_ag_nsga2_wo_gtw_ls,mechanism_50_4,multi_hotspot_boundary,130,0.5695446937194001,0.09700642182545284,0.06286164494308785,0.02300351833282482,80
msd_ag_nsga2_wo_gtw_ls,mechanism_50_4,multi_hotspot_boundary,135,0.5717647077378845,0.09692191724570316,0.061879227224549783,0.02289034189753938,80
msd_ag_nsga2_wo_gtw_ls,mechanism_50_4,multi_hotspot_boundary,140,0.5736144093776758,0.09714495783534953,0.06122943489979985,0.022767963058838388,80
msd_ag_nsga2_wo_gtw_ls,mechanism_50_4,multi_hotspot_boundary,145,0.576002972290984,0.09824976943137342,0.06043108190664753,0.022684945526259184,80
msd_ag_nsga2_wo_gtw_ls,mechanism_50_4,multi_hotspot_boundary,150,0.5783125848102258,0.099296861599447,0.059457306883155425,0.0225454260631256,80
msd_ag_nsga2_wo_gtw_ls,mechanism_50_4,multi_hotspot_boundary,155,0.580200694689113,0.09952729587409449,0.058787095299444814,0.022489937225911093,80
msd_ag_nsga2_wo_gtw_ls,mechanism_50_4,multi_hotspot_boundary,160,0.5818901555741044,0.09935801382179714,0.05815169465951262,0.022422174026855084,80
msd_ag_nsga2_wo_gtw_ls,mechanism_50_4,multi_hotspot_boundary,165,0.5842300147466967,0.09886930434639808,0.057422151610045394,0.022134336380301496,80
msd_ag_nsga2_wo_gtw_ls,mechanism_50_4,multi_hotspot_boundary,170,0.5861915743624745,0.09952910282284319,0.05664021108601419,0.02208028452361124,80
msd_ag_nsga2_wo_gtw_ls,mechanism_50_4,multi_hotspot_boundary,175,0.5872966333183687,0.09958689008134217,0.05617607372405316,0.02195228175384992,80
msd_ag_nsga2_wo_gtw_ls,mechanism_50_4,multi_hotspot_boundary,180,0.5881603440075395,0.09948733864781938,0.05566502464580993,0.0217915175760683,80
msd_ag_nsga2_wo_gtw_ls,mechanism_50_4,multi_hotspot_boundary,185,0.5894953127651836,0.09928790260382872,0.05507704069388349,0.02174544699351776,80
msd_ag_nsga2_wo_gtw_ls,mechanism_50_4,multi_hotspot_boundary,190,0.5911032275030002,0.09951670408498718,0.05451473558505425,0.02165804855483563,80
msd_ag_nsga2_wo_gtw_ls,mechanism_50_4,multi_hotspot_boundary,195,0.5921112194230627,0.09976421245116984,0.054141239308969816,0.021587305197058818,80
msd_ag_nsga2_wo_gtw_ls,mechanism_50_4,multi_hotspot_boundary,200,0.5934404962703175,0.10069021849006886,0.05392627214130099,0.02172142905823184,80
msd_ag_nsga2_wo_gtw_ls,mechanism_50_4,multi_hotspot_boundary,205,0.5943549376790458,0.10108036864325413,0.053594498332326344,0.021679161903156573,80
msd_ag_nsga2_wo_gtw_ls,mechanism_50_4,multi_hotspot_boundary,210,0.5958862513663232,0.1016262734076958,0.05269603640321805,0.021378152415670124,80
msd_ag_nsga2_wo_gtw_ls,mechanism_50_4,multi_hotspot_boundary,215,0.5971205853232071,0.10169689096941091,0.052245178882708264,0.021478717985067088,80
msd_ag_nsga2_wo_gtw_ls,mechanism_50_4,multi_hotspot_boundary,220,0.5984232302631732,0.10165138710648364,0.05169617145146408,0.021446577037679496,80
msd_ag_nsga2_wo_gtw_ls,mechanism_50_4,multi_hotspot_boundary,225,0.5995168116610304,0.1018940052849426,0.051267910670598084,0.021349398876576112,80
msd_ag_nsga2_wo_gtw_ls,mechanism_50_4,multi_hotspot_boundary,230,0.6003354583239584,0.10213491189578548,0.05088861186360192,0.02134912555731544,80
msd_ag_nsga2_wo_gtw_ls,mechanism_50_4,multi_hotspot_boundary,235,0.6016590125417995,0.10205663555847376,0.050447559067200665,0.02099725539640681,80
msd_ag_nsga2_wo_gtw_ls,mechanism_50_4,multi_hotspot_boundary,240,0.6027922572526396,0.10178340496977199,0.04999251621137489,0.020855409331088922,80
msd_ag_nsga2_wo_gtw_ls,mechanism_50_4,multi_hotspot_boundary,245,0.6036833682616668,0.10209891095118485,0.04966961657644087,0.020739934180512253,80
msd_ag_nsga2_wo_gtw_ls,mechanism_50_4,remote_hotspot,0,0.4220550995356245,0.10204826217923091,0.16761181544633258,0.07296949267411645,80
msd_ag_nsga2_wo_gtw_ls,mechanism_50_4,remote_hotspot,1,0.46176752157771317,0.07777915807150816,0.13907040538028234,0.04915188084957734,80
msd_ag_nsga2_wo_gtw_ls,mechanism_50_4,remote_hotspot,5,0.4833925619660768,0.06894839243256241,0.1266535376890728,0.041323618086777904,80
msd_ag_nsga2_wo_gtw_ls,mechanism_50_4,remote_hotspot,10,0.5052345959331557,0.0678673457793633,0.1163574852654539,0.039884987640593825,80
msd_ag_nsga2_wo_gtw_ls,mechanism_50_4,remote_hotspot,15,0.5168758740693793,0.0655838169659155,0.10944516425987998,0.036601547336414374,80
msd_ag_nsga2_wo_gtw_ls,mechanism_50_4,remote_hotspot,20,0.5240484762383504,0.06359833794630569,0.10552730618961777,0.03474530715775763,80
msd_ag_nsga2_wo_gtw_ls,mechanism_50_4,remote_hotspot,25,0.5297688662549178,0.06256060011180918,0.10240994819628835,0.03314307025541256,80
msd_ag_nsga2_wo_gtw_ls,mechanism_50_4,remote_hotspot,30,0.5362701905098736,0.0622135591315409,0.09867331818751052,0.03128387058267811,80
msd_ag_nsga2_wo_gtw_ls,mechanism_50_4,remote_hotspot,35,0.5423540406443096,0.061304858395855984,0.09493360228392936,0.02978734201593239,80
msd_ag_nsga2_wo_gtw_ls,mechanism_50_4,remote_hotspot,40,0.5480889702269567,0.06103321448950805,0.09131330821477233,0.028109745940735117,80
msd_ag_nsga2_wo_gtw_ls,mechanism_50_4,remote_hotspot,45,0.5531065272288191,0.06084932316176208,0.08873158327506714,0.02736855258233678,80
msd_ag_nsga2_wo_gtw_ls,mechanism_50_4,remote_hotspot,50,0.5581637543051599,0.06066153433060683,0.08554805948251631,0.025976478571626296,80
msd_ag_nsga2_wo_gtw_ls,mechanism_50_4,remote_hotspot,55,0.5636878684473073,0.06046187500793126,0.08256706412833359,0.025011557770728905,80
msd_ag_nsga2_wo_gtw_ls,mechanism_50_4,remote_hotspot,60,0.5684880402290212,0.061266501667237884,0.08031243595015627,0.02471343513142744,80
msd_ag_nsga2_wo_gtw_ls,mechanism_50_4,remote_hotspot,65,0.5726449547712477,0.06102770191629355,0.07799816249671819,0.024395820112507245,80
msd_ag_nsga2_wo_gtw_ls,mechanism_50_4,remote_hotspot,70,0.5766392711366881,0.06079904735536206,0.07557130643193241,0.0239420777575284,80
msd_ag_nsga2_wo_gtw_ls,mechanism_50_4,remote_hotspot,75,0.5803645946483023,0.06040772609330115,0.07322814371733397,0.023559418066060656,80
msd_ag_nsga2_wo_gtw_ls,mechanism_50_4,remote_hotspot,80,0.5843265696557722,0.06048912415275414,0.071256036567609,0.023233042341413,80
msd_ag_nsga2_wo_gtw_ls,mechanism_50_4,remote_hotspot,85,0.5875509272495764,0.06068738699559105,0.06941620322694197,0.02303254661660735,80
msd_ag_nsga2_wo_gtw_ls,mechanism_50_4,remote_hotspot,90,0.5902696914890684,0.06047641155892762,0.06795027289314588,0.022828763142853436,80
msd_ag_nsga2_wo_gtw_ls,mechanism_50_4,remote_hotspot,95,0.592632386651007,0.06073113631932438,0.06666313043498188,0.022646505388096747,80
msd_ag_nsga2_wo_gtw_ls,mechanism_50_4,remote_hotspot,100,0.5954370544527057,0.060957439634809,0.06523156134786152,0.022462031798564114,80
msd_ag_nsga2_wo_gtw_ls,mechanism_50_4,remote_hotspot,105,0.5981263096235635,0.06091808340174637,0.06362142887965284,0.022026707714783607,80
msd_ag_nsga2_wo_gtw_ls,mechanism_50_4,remote_hotspot,110,0.6012174073014582,0.061165313352938865,0.06204344876878851,0.02186359457035547,80
msd_ag_nsga2_wo_gtw_ls,mechanism_50_4,remote_hotspot,115,0.6036229592199245,0.061133055398481566,0.060749001114510405,0.02144286451657147,80
msd_ag_nsga2_wo_gtw_ls,mechanism_50_4,remote_hotspot,120,0.6056066706933969,0.06112890265930797,0.05980072506096943,0.021244229213947103,80
msd_ag_nsga2_wo_gtw_ls,mechanism_50_4,remote_hotspot,125,0.6077932873514413,0.061628662205076505,0.058722320367709614,0.021144507884419225,80
msd_ag_nsga2_wo_gtw_ls,mechanism_50_4,remote_hotspot,130,0.6101376280696593,0.061748392880697826,0.057470978173254264,0.020913108804488455,80
msd_ag_nsga2_wo_gtw_ls,mechanism_50_4,remote_hotspot,135,0.6119458035445751,0.06170023003867439,0.05666490273649801,0.020874718393655116,80
msd_ag_nsga2_wo_gtw_ls,mechanism_50_4,remote_hotspot,140,0.6141572096682418,0.06156954642512371,0.05554826846368306,0.02051655750739048,80
msd_ag_nsga2_wo_gtw_ls,mechanism_50_4,remote_hotspot,145,0.6161103738655005,0.061342331308809755,0.05452236475146691,0.020181394895630794,80
msd_ag_nsga2_wo_gtw_ls,mechanism_50_4,remote_hotspot,150,0.6177024155948325,0.06118891132527757,0.05365203573844267,0.020047474771564076,80
msd_ag_nsga2_wo_gtw_ls,mechanism_50_4,remote_hotspot,155,0.619882588344632,0.06126117368249151,0.05270923082362007,0.020057469444151564,80
msd_ag_nsga2_wo_gtw_ls,mechanism_50_4,remote_hotspot,160,0.6214540719528576,0.06155000081779468,0.051766131157652495,0.020028869876915906,80
msd_ag_nsga2_wo_gtw_ls,mechanism_50_4,remote_hotspot,165,0.6228846273829841,0.06162885291879875,0.051023601302832566,0.020008799289833925,80
msd_ag_nsga2_wo_gtw_ls,mechanism_50_4,remote_hotspot,170,0.624400364087653,0.061961799448303025,0.050270005244822794,0.01991317562154344,80
msd_ag_nsga2_wo_gtw_ls,mechanism_50_4,remote_hotspot,175,0.6262998747453723,0.06146199488499964,0.04952359718292993,0.019711299855914056,80
msd_ag_nsga2_wo_gtw_ls,mechanism_50_4,remote_hotspot,180,0.6277851963436931,0.061455598021408896,0.04862333271366983,0.01918145310760698,80
msd_ag_nsga2_wo_gtw_ls,mechanism_50_4,remote_hotspot,185,0.6289965310673742,0.06164957256029396,0.04802570692125213,0.0190751185777681,80
msd_ag_nsga2_wo_gtw_ls,mechanism_50_4,remote_hotspot,190,0.6303281650010031,0.061734038425782845,0.047337996296819354,0.019039054973526804,80
msd_ag_nsga2_wo_gtw_ls,mechanism_50_4,remote_hotspot,195,0.6311532762852783,0.061978997845553246,0.04689187970048258,0.01899526596800795,80
msd_ag_nsga2_wo_gtw_ls,mechanism_50_4,remote_hotspot,200,0.6322825882888962,0.06206268394886839,0.04645866593031035,0.01891842283714859,80
msd_ag_nsga2_wo_gtw_ls,mechanism_50_4,remote_hotspot,205,0.6335544824607517,0.062159706857256684,0.04605540586731861,0.01896872245875369,80
msd_ag_nsga2_wo_gtw_ls,mechanism_50_4,remote_hotspot,210,0.6346429643701519,0.061962875013290945,0.045519793351400537,0.018730495892327594,80
msd_ag_nsga2_wo_gtw_ls,mechanism_50_4,remote_hotspot,215,0.6356934740535938,0.06188897074841798,0.04498683344466141,0.018510726506141478,80
msd_ag_nsga2_wo_gtw_ls,mechanism_50_4,remote_hotspot,220,0.6372269212407,0.06199139424628127,0.04442892679007217,0.018360757214942333,80
msd_ag_nsga2_wo_gtw_ls,mechanism_50_4,remote_hotspot,225,0.6383729573231571,0.06225940325650382,0.04389107714684705,0.018460637739944333,80
msd_ag_nsga2_wo_gtw_ls,mechanism_50_4,remote_hotspot,230,0.6393148207495576,0.06232157975537199,0.043479077536797806,0.01848265035290694,80
msd_ag_nsga2_wo_gtw_ls,mechanism_50_4,remote_hotspot,235,0.6402636356544502,0.06256997292136646,0.04305763295986402,0.018370094473635554,80
msd_ag_nsga2_wo_gtw_ls,mechanism_50_4,remote_hotspot,240,0.6417940652352182,0.06298571163842644,0.04250329642981188,0.01832593731886927,80
msd_ag_nsga2_wo_gtw_ls,mechanism_50_4,remote_hotspot,245,0.6429746296411176,0.06298329598337991,0.042045289725588866,0.018260076794587094,80
