scenario_name,scenario_id,C,A,G,AS,highlighted
MHB_M,mechanism_50_4_multi_hotspot_boundary_id04,688.593033182686,733792.6360316366,64.10672288344884,0.30511354120695683,cost_prioritized
MHB_M,mechanism_50_4_multi_hotspot_boundary_id04,700.9748270037388,861407.6042562296,60.05957364995002,0.3440758238064822,
MHB_M,mechanism_50_4_multi_hotspot_boundary_id04,703.0604537548425,657366.6210337129,65.90525990976447,0.2892288701687527,
MHB_M,mechanism_50_4_multi_hotspot_boundary_id04,709.1957838607464,820227.2771926605,59.02646543851384,0.35209381353490926,
MHB_M,mechanism_50_4_multi_hotspot_boundary_id04,711.7936397118381,695646.152025426,65.04206032644427,0.3358937111647437,
MHB_M,mechanism_50_4_multi_hotspot_boundary_id04,715.5844328229274,682915.9045168051,64.31702577833146,0.30245882366027105,
MHB_M,mechanism_50_4_multi_hotspot_boundary_id04,717.9960857699004,573006.6007168541,66.10689927661335,0.31141912112670106,
MHB_M,mechanism_50_4_multi_hotspot_boundary_id04,720.0145965688457,655394.9111024898,64.00895211500807,0.34391170089317064,
MHB_M,mechanism_50_4_multi_hotspot_boundary_id04,731.6953497173521,559915.9390703674,66.65994847634319,0.29170412226528464,
MHB_M,mechanism_50_4_multi_hotspot_boundary_id04,734.932092141787,540772.9388038865,70.51284343739954,0.27957832093474894,
MHB_M,mechanism_50_4_multi_hotspot_boundary_id04,739.0255378993987,573043.3706459994,65.38401190001713,0.31872268301556633,
MHB_M,mechanism_50_4_multi_hotspot_boundary_id04,739.5949446074525,553460.0834847894,68.81570873946588,0.28297710239637747,
MHB_M,mechanism_50_4_multi_hotspot_boundary_id04,742.6111475912661,760190.2185779322,59.20020307473857,0.28993479258940147,
MHB_M,mechanism_50_4_multi_hotspot_boundary_id04,743.549488216907,753436.6498411301,59.670222369110675,0.28889030526857457,
MHB_M,mechanism_50_4_multi_hotspot_boundary_id04,745.8754196977834,621424.9104498684,62.65562383322454,0.3120751789520853,
MHB_M,mechanism_50_4_multi_hotspot_boundary_id04,746.4360048925195,826581.6178710022,57.95419349191109,0.35915456665630513,
MHB_M,mechanism_50_4_multi_hotspot_boundary_id04,747.1445805303174,539042.9045786206,70.05431855443746,0.2886469746228674,
MHB_M,mechanism_50_4_multi_hotspot_boundary_id04,748.8596100226678,538085.422930774,68.95389834150387,0.2721354326166925,
MHB_M,mechanism_50_4_multi_hotspot_boundary_id04,749.6424206188636,525064.0621587611,68.36029665865708,0.2858125841704004,
MHB_M,mechanism_50_4_multi_hotspot_boundary_id04,752.5819697006889,544511.714914076,68.2666499208469,0.2858804010298317,
MHB_M,mechanism_50_4_multi_hotspot_boundary_id04,756.8291759045729,510723.43923971703,70.203240748474,0.29500351558489285,
MHB_M,mechanism_50_4_multi_hotspot_boundary_id04,757.1202320183309,568739.3337184493,64.67299007035452,0.32467428674072857,
MHB_M,mechanism_50_4_multi_hotspot_boundary_id04,758.2808151548235,973872.6712139653,53.95893515828083,0.36497510524832394,
MHB_M,mechanism_50_4_multi_hotspot_boundary_id04,762.1749989747691,822331.5073334029,58.13039317423411,0.3091969989561482,
MHB_M,mechanism_50_4_multi_hotspot_boundary_id04,764.2659046609124,943402.8910237399,52.50247570196656,0.3636771272443295,
MHB_M,mechanism_50_4_multi_hotspot_boundary_id04,771.6865718653922,1102986.775452503,48.50383376612197,0.4447351162739493,
MHB_M,mechanism_50_4_multi_hotspot_boundary_id04,775.4007655560683,1065111.0277639471,46.333779899880085,0.43925334526363147,
MHB_M,mechanism_50_4_multi_hotspot_boundary_id04,776.3509222710045,858721.2270771776,57.50247570196656,0.3436771272443295,
MHB_M,mechanism_50_4_multi_hotspot_boundary_id04,778.3393701885332,1001837.4468892452,50.95126143790359,0.41351844414857575,
MHB_M,mechanism_50_4_multi_hotspot_boundary_id04,783.663184883239,899090.2194333898,54.04696368048878,0.37445433348579954,
MHB_M,mechanism_50_4_multi_hotspot_boundary_id04,785.9644954027967,904940.7968215124,53.691497147755065,0.38583675453299976,
MHB_M,mechanism_50_4_multi_hotspot_boundary_id04,789.4950834216925,887528.6838087316,56.308672815133775,0.3188077858365724,
MHB_M,mechanism_50_4_multi_hotspot_boundary_id04,792.5681473622136,1057900.7364014275,46.801102321419684,0.4299068968328394,
MHB_M,mechanism_50_4_multi_hotspot_boundary_id04,802.4121521436975,990923.3683907775,46.20992655177342,0.4232428526861732,
MHB_M,mechanism_50_4_multi_hotspot_boundary_id04,808.1759060914259,1006937.0460990125,42.69897454585651,0.43407671281798904,
MHB_M,mechanism_50_4_multi_hotspot_boundary_id04,812.1593821141512,913066.2666647702,48.729551885362156,0.41199102291840817,
MHB_M,mechanism_50_4_multi_hotspot_boundary_id04,816.2306900010975,1001158.7506067978,40.96547145913797,0.44776141442206524,
MHB_M,mechanism_50_4_multi_hotspot_boundary_id04,823.3110150185834,922539.4150957894,47.6989745458565,0.41407671281798897,
MHB_M,mechanism_50_4_multi_hotspot_boundary_id04,826.2202262211148,957089.3772666734,41.428433095682735,0.4561702795949985,
MHB_M,mechanism_50_4_multi_hotspot_boundary_id04,837.1080200285755,945489.0873288062,42.34466712481667,0.43870389039400015,
MHB_M,mechanism_50_4_multi_hotspot_boundary_id04,843.4195108029089,853769.8416953711,44.25711366545856,0.4491695010692021,
MHB_M,mechanism_50_4_multi_hotspot_boundary_id04,846.7072585825179,614157.9794923143,62.13951544233159,0.293562881901307,
MHB_M,mechanism_50_4_multi_hotspot_boundary_id04,848.2492744581435,711686.7713763436,53.80537548007887,0.3906868038991969,
MHB_M,mechanism_50_4_multi_hotspot_boundary_id04,849.8070931869655,864305.9325533629,43.07275255071862,0.472856723364001,
MHB_M,mechanism_50_4_multi_hotspot_boundary_id04,856.4770368798595,890142.5199514754,42.08267475322026,0.45966400259950196,
MHB_M,mechanism_50_4_multi_hotspot_boundary_id04,857.4646662518585,581390.9056953371,60.501834082595465,0.37499912541698066,
MHB_M,mechanism_50_4_multi_hotspot_boundary_id04,862.8726345920136,778153.209605859,50.16496973087279,0.42064712381764946,
MHB_M,mechanism_50_4_multi_hotspot_boundary_id04,868.3858623181679,519939.19411185035,66.99983705323747,0.26907005122358957,
MHB_M,mechanism_50_4_multi_hotspot_boundary_id04,869.045892664799,502593.9157254995,66.86442575575875,0.2715480384665344,
MHB_M,mechanism_50_4_multi_hotspot_boundary_id04,875.1304780293408,500966.1678865744,69.24689934573409,0.24557302132373388,
MHB_M,mechanism_50_4_multi_hotspot_boundary_id04,876.8053765373121,556575.188486788,61.44166756686056,0.40260712261276216,
MHB_M,mechanism_50_4_multi_hotspot_boundary_id04,883.4067101486394,462406.38835001254,67.4074989313745,0.2732138228590961,
MHB_M,mechanism_50_4_multi_hotspot_boundary_id04,884.1974600223391,662231.8415341559,57.16629435257125,0.4206848920851199,
MHB_M,mechanism_50_4_multi_hotspot_boundary_id04,888.898844337122,495940.9342692292,58.975906200927724,0.4229895673184093,
MHB_M,mechanism_50_4_multi_hotspot_boundary_id04,891.4498075978015,451618.03794162464,67.41652772640805,0.2721108953639272,
MHB_M,mechanism_50_4_multi_hotspot_boundary_id04,894.0336916422874,480241.2704010936,63.92572589527619,0.3280209059118483,
MHB_M,mechanism_50_4_multi_hotspot_boundary_id04,894.0732997323555,475799.19983894884,66.55071996669648,0.27822996260646293,
MHB_M,mechanism_50_4_multi_hotspot_boundary_id04,896.0090061123971,487003.63222218875,63.08638921024155,0.357059264847908,
MHB_M,mechanism_50_4_multi_hotspot_boundary_id04,902.1368150091083,433570.04214600363,68.02879844754023,0.2693511047221366,
MHB_M,mechanism_50_4_multi_hotspot_boundary_id04,906.7176212114922,455857.0017930068,63.41015239650059,0.35184475011949035,
MHB_M,mechanism_50_4_multi_hotspot_boundary_id04,910.136544865246,480862.4773453742,62.62478405399314,0.3747497167654544,
MHB_M,mechanism_50_4_multi_hotspot_boundary_id04,911.3340313922581,472752.94722169184,61.6878536542353,0.3836933217389792,
MHB_M,mechanism_50_4_multi_hotspot_boundary_id04,920.0658898608682,638213.9868868536,51.768751367425686,0.44410442761350466,
MHB_M,mechanism_50_4_multi_hotspot_boundary_id04,955.7410110249957,447867.69279335026,65.6449106299724,0.300565423371662,
MHB_M,mechanism_50_4_multi_hotspot_boundary_id04,961.8582100237476,518585.7700339629,58.449451932161,0.41699270464802657,
MHB_M,mechanism_50_4_multi_hotspot_boundary_id04,1075.7966810798516,441294.29672553483,61.12716676362539,0.3956399806538228,
MHB_M,mechanism_50_4_multi_hotspot_boundary_id04,763.3933143935785,1020152.9179494872,53.196169969826954,0.38464159894652056,
MHB_M,mechanism_50_4_multi_hotspot_boundary_id04,770.0184545744238,1155633.650898777,43.55668871380015,0.45241274228897277,
MHB_M,mechanism_50_4_multi_hotspot_boundary_id04,778.5599735728382,1025557.9250811841,47.04478966748878,0.4401169403902205,
MHB_M,mechanism_50_4_multi_hotspot_boundary_id04,783.3452730613113,1066522.3855861202,45.15262492261281,0.45930615269233743,
MHB_M,mechanism_50_4_multi_hotspot_boundary_id04,783.4712404879342,1140953.7976873985,42.80238059626917,0.4674989046395925,
MHB_M,mechanism_50_4_multi_hotspot_boundary_id04,786.5511898666466,907168.1924667172,52.42823472193577,0.4151716054635601,
MHB_M,mechanism_50_4_multi_hotspot_boundary_id04,789.6083014023712,908709.3524290633,51.59415136873358,0.4245308765629672,
MHB_M,mechanism_50_4_multi_hotspot_boundary_id04,790.2726626843067,1120778.5181614365,42.70318670799086,0.4613393106635937,
MHB_M,mechanism_50_4_multi_hotspot_boundary_id04,795.4404994190527,1254110.4351300434,41.85632691617449,0.47719159152819346,
MHB_M,mechanism_50_4_multi_hotspot_boundary_id04,797.9975978451799,928071.2729068162,50.4437397348612,0.4256659481525884,
MHB_M,mechanism_50_4_multi_hotspot_boundary_id04,801.1489499925405,932679.0130555896,49.91548062020059,0.406733943521596,
MHB_M,mechanism_50_4_multi_hotspot_boundary_id04,801.9682114201464,1072416.2834487525,43.18205106184374,0.4772467136300487,
MHB_M,mechanism_50_4_multi_hotspot_boundary_id04,804.7388120963611,970365.116087737,44.81105971836849,0.4448086056152688,
MHB_M,mechanism_50_4_multi_hotspot_boundary_id04,809.3929244460078,960735.3552204153,45.29444354327597,0.44327086411416816,
MHB_M,mechanism_50_4_multi_hotspot_boundary_id04,810.5470358123107,978142.4379731818,44.42775274941748,0.4522032724608286,
MHB_M,mechanism_50_4_multi_hotspot_boundary_id04,811.6787472140468,946239.4608973145,45.6035921897397,0.4571399633966567,
MHB_M,mechanism_50_4_multi_hotspot_boundary_id04,812.6849146527725,1159668.9820677238,38.48917824319878,0.48689629321151,
MHB_M,mechanism_50_4_multi_hotspot_boundary_id04,816.748163212897,931375.0814383017,45.02434443741569,0.4552108362463864,
MHB_M,mechanism_50_4_multi_hotspot_boundary_id04,822.6931785441558,951157.341865061,42.199522548077326,0.4691561692929904,
MHB_M,mechanism_50_4_multi_hotspot_boundary_id04,824.368884671459,1129513.831048104,37.70049910684034,0.4978140112453198,
MHB_M,mechanism_50_4_multi_hotspot_boundary_id04,829.709213360531,984222.3453431216,40.70876415031473,0.4761740315315947,
MHB_M,mechanism_50_4_multi_hotspot_boundary_id04,830.3769255277624,1047212.7521841864,38.10644900270743,0.5066852477194278,
MHB_M,mechanism_50_4_multi_hotspot_boundary_id04,830.5292300784428,916591.5884199364,43.69448471448152,0.4614087414647126,
MHB_M,mechanism_50_4_multi_hotspot_boundary_id04,838.2118054329139,1121996.275445032,35.21459735287993,0.49334894957187747,
MHB_M,mechanism_50_4_multi_hotspot_boundary_id04,842.6449645975016,1137379.1223548204,34.87561570152624,0.5044168969055204,
MHB_M,mechanism_50_4_multi_hotspot_boundary_id04,842.7344873803675,873832.3799821571,44.129720085659095,0.43673597924228036,
MHB_M,mechanism_50_4_multi_hotspot_boundary_id04,844.3519580732539,1155865.9513768705,34.86607247584753,0.501306735638074,
MHB_M,mechanism_50_4_multi_hotspot_boundary_id04,845.2539837426106,924877.5430618419,39.87846336184852,0.49153132836129587,
MHB_M,mechanism_50_4_multi_hotspot_boundary_id04,849.9642136013674,613485.335648738,64.50974647287174,0.2895697884278778,
MHB_M,mechanism_50_4_multi_hotspot_boundary_id04,853.6775222916566,785543.3300063881,51.07326688427959,0.3954990536193681,
MHB_M,mechanism_50_4_multi_hotspot_boundary_id04,854.6739637509454,1148953.618324443,33.41952259670203,0.5324280333355922,
MHB_M,mechanism_50_4_multi_hotspot_boundary_id04,856.0998072996174,785444.4519280602,48.09845298917817,0.42801484574110704,
MHB_M,mechanism_50_4_multi_hotspot_boundary_id04,859.234249909148,744436.0615688254,51.69024035058146,0.40754906758687626,
MHB_M,mechanism_50_4_multi_hotspot_boundary_id04,861.3545157545359,529390.6038142567,65.84886451186911,0.2783443878654929,
MHB_M,mechanism_50_4_multi_hotspot_boundary_id04,862.3499233294813,799587.7505230946,46.02343859451197,0.45634007615446487,
MHB_M,mechanism_50_4_multi_hotspot_boundary_id04,864.5325113695038,979130.8524749025,35.48265648987842,0.491832727336204,
MHB_M,mechanism_50_4_multi_hotspot_boundary_id04,865.468073957517,666276.5197034107,56.959784661146166,0.40089837036599074,
MHB_M,mechanism_50_4_multi_hotspot_boundary_id04,866.7683903674933,1105592.325350583,33.049271615491385,0.5145677462785616,
MHB_M,mechanism_50_4_multi_hotspot_boundary_id04,868.3648395061332,749936.5758187673,49.99494293547851,0.44753982321618097,
MHB_M,mechanism_50_4_multi_hotspot_boundary_id04,868.3954500580722,1104447.2561818273,33.855971242286955,0.49939842694090614,
MHB_M,mechanism_50_4_multi_hotspot_boundary_id04,868.8256669888931,540921.2432228866,64.72487187895308,0.28284035839715704,
MHB_M,mechanism_50_4_multi_hotspot_boundary_id04,871.7940519529559,1088020.7093128038,34.33063421643209,0.49472351738221254,
MHB_M,mechanism_50_4_multi_hotspot_boundary_id04,872.3970750300033,1084600.2273838804,34.2410481030049,0.4916968897265474,
MHB_M,mechanism_50_4_multi_hotspot_boundary_id04,874.4951422033705,1101391.6687917982,33.049271615491385,0.5145677462785616,
MHB_M,mechanism_50_4_multi_hotspot_boundary_id04,876.2287671135485,1095280.5807004715,32.322428459651,0.5239222500547599,
MHB_M,mechanism_50_4_multi_hotspot_boundary_id04,877.3276330971592,762388.3338413571,47.91889678084996,0.4686433553648348,
MHB_M,mechanism_50_4_multi_hotspot_boundary_id04,882.7789611614506,729082.1169195429,48.60024395395836,0.41535137439968833,
MHB_M,mechanism_50_4_multi_hotspot_boundary_id04,883.8406868800536,638044.4928721557,58.32058169903077,0.39614268010190234,
MHB_M,mechanism_50_4_multi_hotspot_boundary_id04,886.6751209439243,595171.0440739164,59.786758633266615,0.3880391751529399,
MHB_M,mechanism_50_4_multi_hotspot_boundary_id04,889.3882992286585,677334.9873691242,52.54504348962655,0.3968331112027613,
MHB_M,mechanism_50_4_multi_hotspot_boundary_id04,890.5907191767069,1073754.140086227,33.514204947164515,0.5010513935027457,
MHB_M,mechanism_50_4_multi_hotspot_boundary_id04,892.3694065090131,861818.747006165,40.00501849071137,0.4694664172276102,
MHB_M,mechanism_50_4_multi_hotspot_boundary_id04,894.8173570876604,727180.9587037064,48.369913959848084,0.4127454031606627,
MHB_M,mechanism_50_4_multi_hotspot_boundary_id04,895.4422784170548,568602.0964919606,55.213202239521515,0.4415430225493073,
MHB_M,mechanism_50_4_multi_hotspot_boundary_id04,902.187944108064,845336.2047434798,41.047957356635635,0.48688219169481634,
MHB_M,mechanism_50_4_multi_hotspot_boundary_id04,905.3408339287608,678696.9578422614,50.08325088443906,0.44204516315810316,
MHB_M,mechanism_50_4_multi_hotspot_boundary_id04,908.2309163033218,655532.1858076114,49.39225678216968,0.45274492147596335,
MHB_M,mechanism_50_4_multi_hotspot_boundary_id04,912.8959167401299,557000.5837688327,56.82502467718292,0.4119391614472994,
MHB_M,mechanism_50_4_multi_hotspot_boundary_id04,922.038015698304,710745.2698966239,47.69807932510537,0.43756958489682946,
MHB_M,mechanism_50_4_multi_hotspot_boundary_id04,931.8300839919432,527704.3596905132,58.80364158228697,0.3888327810190419,
MHB_M,mechanism_50_4_multi_hotspot_boundary_id04,937.8907177933918,803393.5316248465,42.3646942206096,0.48870938653931295,
MHB_M,mechanism_50_4_multi_hotspot_boundary_id04,954.0598367977298,582344.3828237276,54.721024821816115,0.4010594653763262,
MHB_M,mechanism_50_4_multi_hotspot_boundary_id04,959.1487029193069,488557.947954769,59.36688134176993,0.3812960190337437,
MHB_M,mechanism_50_4_multi_hotspot_boundary_id04,962.1401649760046,473535.80756979587,59.566675488359735,0.3750051154760218,
MHB_M,mechanism_50_4_multi_hotspot_boundary_id04,964.5413198263121,459889.24299984326,61.90920964357086,0.37676665507092044,
MHB_M,mechanism_50_4_multi_hotspot_boundary_id04,965.5258175251646,480438.1966282163,58.88239836891062,0.3909856784909298,
MHB_M,mechanism_50_4_multi_hotspot_boundary_id04,970.3812587070995,572299.1008091349,52.787401597740974,0.43798231886416256,
MHB_M,mechanism_50_4_multi_hotspot_boundary_id04,975.5658897910401,640297.2379386959,50.79150842995476,0.4126009604455504,
MHB_M,mechanism_50_4_multi_hotspot_boundary_id04,977.22057547394,538393.4917997527,55.61448243660284,0.4533447720841053,
MHB_M,mechanism_50_4_multi_hotspot_boundary_id04,981.101645019722,455025.5794356131,60.076392050631725,0.364810784230582,
MHB_M,mechanism_50_4_multi_hotspot_boundary_id04,984.1104171047798,507968.63339397765,56.327107625385075,0.44319883301140095,
MHB_M,mechanism_50_4_multi_hotspot_boundary_id04,985.3557205442696,1614493.4686213408,29.978007393876638,0.5325556894800911,
MHB_M,mechanism_50_4_multi_hotspot_boundary_id04,986.305421554058,603248.9013633828,52.0144324147795,0.4560385238773583,
MHB_M,mechanism_50_4_multi_hotspot_boundary_id04,987.4935774693207,615432.9294564126,51.28388070497804,0.4706495580733873,
MHB_M,mechanism_50_4_multi_hotspot_boundary_id04,998.0993774575688,516806.28154260304,55.34560205896317,0.462828944339839,
MHB_M,mechanism_50_4_multi_hotspot_boundary_id04,998.8324072125331,515277.65284377825,55.63041733518998,0.4566814927065758,
MHB_M,mechanism_50_4_multi_hotspot_boundary_id04,1027.2314534167936,1622227.1921171248,28.302726158172334,0.559057476053065,quality_prioritized
MHB_M,mechanism_50_4_multi_hotspot_boundary_id04,767.9714554806687,1002683.1913955535,52.08828820184261,0.39797167770630515,
MHB_M,mechanism_50_4_multi_hotspot_boundary_id04,772.2247981654541,1046627.8411252478,50.644731215979,0.4154891959249491,
MHB_M,mechanism_50_4_multi_hotspot_boundary_id04,778.0934533734489,919644.7642293482,53.72312142016271,0.3690754821198247,
MHB_M,mechanism_50_4_multi_hotspot_boundary_id04,780.6479605365319,908197.078230902,56.010373850189374,0.34326863399387536,
MHB_M,mechanism_50_4_multi_hotspot_boundary_id04,782.5625586182291,990209.0736150051,49.50427449783316,0.42604612408675413,
MHB_M,mechanism_50_4_multi_hotspot_boundary_id04,785.0971801208989,974259.5779048553,48.99143167818984,0.39988503642065765,
MHB_M,mechanism_50_4_multi_hotspot_boundary_id04,786.3694287047479,982206.1029759885,48.332640740835274,0.40549854758448645,
MHB_M,mechanism_50_4_multi_hotspot_boundary_id04,799.376139079037,936925.976245151,49.71633963264223,0.3922514767823917,
MHB_M,mechanism_50_4_multi_hotspot_boundary_id04,802.4693672236244,1014340.6646658386,44.42364426012951,0.45942668358796046,
MHB_M,mechanism_50_4_multi_hotspot_boundary_id04,807.8212715045662,1077967.957769707,41.41652834465606,0.4655881954268446,
MHB_M,mechanism_50_4_multi_hotspot_boundary_id04,810.1135795983442,1154722.6650190977,40.15017116452767,0.49703604191965484,
MHB_M,mechanism_50_4_multi_hotspot_boundary_id04,810.5343736328136,1146873.4134384566,39.598486365754525,0.49975935202835403,
MHB_M,mechanism_50_4_multi_hotspot_boundary_id04,822.0425741674625,1130207.5091419108,38.14843816404836,0.49469366839029094,
MHB_M,mechanism_50_4_multi_hotspot_boundary_id04,828.666893821877,1195706.5021471991,35.302731822054,0.5139363565239468,
MHB_M,mechanism_50_4_multi_hotspot_boundary_id04,829.7173427267769,1111530.1053571864,35.6813101653421,0.5162587252052949,
MHB_M,mechanism_50_4_multi_hotspot_boundary_id04,852.9102524225502,898657.1005739518,41.555111213306404,0.4815347618347509,
MHB_M,mechanism_50_4_multi_hotspot_boundary_id04,920.1791370027935,1483212.5322173112,31.526681822618976,0.5151340763974968,
MHB_M,mechanism_50_4_multi_hotspot_boundary_id04,921.5029582827011,1407557.4267033911,32.22157040029887,0.5070725918450624,
MHB_M,mechanism_50_4_multi_hotspot_boundary_id04,951.6632613076063,489996.9072803782,61.101335009310816,0.38899208398639007,
MHB_M,mechanism_50_4_multi_hotspot_boundary_id04,952.1268845922518,466431.90870090324,59.91582382243987,0.38279749269573216,
MHB_M,mechanism_50_4_multi_hotspot_boundary_id04,957.4532275443241,452320.80931833404,62.52066325802696,0.3487810167110015,
MHB_M,mechanism_50_4_multi_hotspot_boundary_id04,958.5162490596581,464733.22665826813,60.45072317926355,0.37253607252793636,
MHB_M,mechanism_50_4_multi_hotspot_boundary_id04,962.0444741966446,447874.6990598968,62.99268604330199,0.3393405610055008,
MHB_M,mechanism_50_4_multi_hotspot_boundary_id04,963.7203520435182,447602.49405397946,62.96376652343556,0.33991895140282935,
MHB_M,mechanism_50_4_multi_hotspot_boundary_id04,970.5257561102567,1649472.6123766801,31.438649512391024,0.5318275276777208,
MHB_M,mechanism_50_4_multi_hotspot_boundary_id04,971.7590598094002,1444488.9630283944,32.02717292643515,0.5200570593968384,
MHB_M,mechanism_50_4_multi_hotspot_boundary_id04,1044.5966000073036,424199.6287686398,64.93692937192695,0.33463792854007335,
MHB_M,mechanism_50_4_multi_hotspot_boundary_id04,1062.4608887513443,420780.1667475149,64.93692937192695,0.33463792854007335,
MHB_M,mechanism_50_4_multi_hotspot_boundary_id04,1068.4826852325202,418867.01063285436,66.43099706317582,0.29999297973736644,
MHB_M,mechanism_50_4_multi_hotspot_boundary_id04,1077.551735022978,412274.84343099437,69.92410505103666,0.28376635225294194,
MHB_M,mechanism_50_4_multi_hotspot_boundary_id04,1078.3864234078223,415088.17642726813,69.31554820685244,0.28763806826200033,
MHB_M,mechanism_50_4_multi_hotspot_boundary_id04,1087.4956030376545,407881.3370185022,69.85394965461506,0.2873154655659916,
MHB_M,mechanism_50_4_multi_hotspot_boundary_id04,772.2016824272113,888534.3321391272,57.03661841296634,0.3646748111185603,
MHB_M,mechanism_50_4_multi_hotspot_boundary_id04,772.597008739702,933007.7428820085,52.35647178172251,0.3811958872440187,
MHB_M,mechanism_50_4_multi_hotspot_boundary_id04,779.4562592545606,1057219.1470146186,46.84896491463363,0.42894964496856053,
MHB_M,mechanism_50_4_multi_hotspot_boundary_id04,788.3429017848384,962713.6779210139,49.25627872108011,0.3945880955628523,
MHB_M,mechanism_50_4_multi_hotspot_boundary_id04,789.7962933214961,826734.2130895078,55.18515235149834,0.3741951087182225,
MHB_M,mechanism_50_4_multi_hotspot_boundary_id04,797.39027095954,955939.6297843142,49.38854795417404,0.3919427109009737,
MHB_M,mechanism_50_4_multi_hotspot_boundary_id04,799.1881391792983,808066.609195577,55.77804292470753,0.3841337999420811,
MHB_M,mechanism_50_4_multi_hotspot_boundary_id04,799.6280353169828,909461.1633915505,50.09157595217476,0.36745484238896436,
MHB_M,mechanism_50_4_multi_hotspot_boundary_id04,800.2502075366106,953234.6414158402,47.71376378584638,0.41516216830652913,
MHB_M,mechanism_50_4_multi_hotspot_boundary_id04,801.0919870575855,830604.0418151949,53.136620711250536,0.3836358037068669,
MHB_M,mechanism_50_4_multi_hotspot_boundary_id04,803.5944856148049,852795.1951712777,49.40301593502739,0.38122604273191163,
MHB_M,mechanism_50_4_multi_hotspot_boundary_id04,805.8621743709884,997517.8209062716,44.50788552761286,0.41358292912958455,
MHB_M,mechanism_50_4_multi_hotspot_boundary_id04,808.8769079468801,913932.8059984194,48.869136042441106,0.396471611724659,
MHB_M,mechanism_50_4_multi_hotspot_boundary_id04,811.0116940194189,763115.8649264633,57.31741114465371,0.36917023080292216,
MHB_M,mechanism_50_4_multi_hotspot_boundary_id04,817.8654488920748,765103.0873741814,57.20096979795985,0.3714990577367994,
MHB_M,mechanism_50_4_multi_hotspot_boundary_id04,821.873988534719,1066258.6369002284,40.93462788999475,0.482977682988099,
MHB_M,mechanism_50_4_multi_hotspot_boundary_id04,826.1461206945191,786319.2491212576,53.272039692797485,0.3848890840943089,
MHB_M,mechanism_50_4_multi_hotspot_boundary_id04,828.2687915086917,1056207.070629174,40.41721039983852,0.48377623174325435,
MHB_M,mechanism_50_4_multi_hotspot_boundary_id04,836.4519314653721,672478.5137936113,62.59386863273148,0.3515805025640109,
MHB_M,mechanism_50_4_multi_hotspot_boundary_id04,837.321198025918,747968.8371454079,59.36474060269117,0.33671169747163404,
MHB_M,mechanism_50_4_multi_hotspot_boundary_id04,838.3216321934912,1036043.611047636,40.142515374396055,0.48569631133954916,
MHB_M,mechanism_50_4_multi_hotspot_boundary_id04,840.4366770518925,877982.6708751359,42.08659336386321,0.46493620410725056,
MHB_M,mechanism_50_4_multi_hotspot_boundary_id04,842.7043658080761,1022705.2966101298,37.19146295644868,0.4972930905049235,
MHB_M,mechanism_50_4_multi_hotspot_boundary_id04,845.2730718646902,1110310.1835886296,34.49739696338081,0.5035908775654393,
MHB_M,mechanism_50_4_multi_hotspot_boundary_id04,846.800877810497,1032333.1723057546,35.75899175700521,0.5231373251084943,
MHB_M,mechanism_50_4_multi_hotspot_boundary_id04,851.2724021429382,997803.63920002,36.53680046301428,0.5103863403736115,
MHB_M,mechanism_50_4_multi_hotspot_boundary_id04,853.4292588507237,1101892.2527309703,34.82061603080434,0.4999445147105073,
MHB_M,mechanism_50_4_multi_hotspot_boundary_id04,855.5726365317012,693484.6350135775,56.660376054307264,0.3620001093268367,
MHB_M,mechanism_50_4_multi_hotspot_boundary_id04,857.9924745357955,734036.2208383444,53.32536104164342,0.4030109411928636,
MHB_M,mechanism_50_4_multi_hotspot_boundary_id04,860.3077762024724,873417.1283797515,42.0282221503071,0.4771725838090304,
MHB_M,mechanism_50_4_multi_hotspot_boundary_id04,867.6909133049128,724458.6847342674,51.3773748784146,0.35477778733692816,
MHB_M,mechanism_50_4_multi_hotspot_boundary_id04,868.7351816540645,672463.6273044932,56.12395095852738,0.3666466013440759,
MHB_M,mechanism_50_4_multi_hotspot_boundary_id04,874.5664407071034,739526.7987527444,50.46093615938795,0.44903416917871836,
MHB_M,mechanism_50_4_multi_hotspot_boundary_id04,883.0476863139863,797312.8438498382,43.74123788585737,0.4498615350204504,
MHB_M,mechanism_50_4_multi_hotspot_boundary_id04,884.7426494614982,721095.1802735337,49.70505212030078,0.42246885555998326,
MHB_M,mechanism_50_4_multi_hotspot_boundary_id04,884.7757324988535,704739.3524903695,50.978042527835655,0.4324889381240109,
MHB_M,mechanism_50_4_multi_hotspot_boundary_id04,886.9922918300151,729331.3559190575,48.19244869883209,0.45634114897848777,
MHB_M,mechanism_50_4_multi_hotspot_boundary_id04,889.3714971407937,630911.369883701,55.5722647527067,0.429717608034333,
MHB_M,mechanism_50_4_multi_hotspot_boundary_id04,890.3413018772993,773665.1843409225,46.30214206071981,0.4422944177656787,
MHB_M,mechanism_50_4_multi_hotspot_boundary_id04,893.2428381087984,654616.07214513,54.46690170387904,0.38895178010115233,
MHB_M,mechanism_50_4_multi_hotspot_boundary_id04,895.252479986864,683296.386162401,50.01699089712576,0.4410921293768194,
MHB_M,mechanism_50_4_multi_hotspot_boundary_id04,896.2461573704695,634644.6439481241,53.04290282490851,0.4685323211390234,
MHB_M,mechanism_50_4_multi_hotspot_boundary_id04,901.0841111781073,725741.7254712727,47.57684514051908,0.41508439992740565,
MHB_M,mechanism_50_4_multi_hotspot_boundary_id04,921.4873335467705,768136.0466006661,44.24912048398156,0.4366689636990283,
MHB_M,mechanism_50_4_multi_hotspot_boundary_id04,926.5301283540034,843083.5539023493,41.56742422205518,0.4896789496526503,
MHB_M,mechanism_50_4_multi_hotspot_boundary_id04,943.6035586682026,490016.4225839778,61.39639669330167,0.3734817129438117,
MHB_M,mechanism_50_4_multi_hotspot_boundary_id04,990.8855766036504,433866.8891051414,63.581246386528726,0.3287332719175113,
MHB_M,mechanism_50_4_multi_hotspot_boundary_id04,767.2053746311949,1061062.9831739548,50.99208163696694,0.417814752007214,
MHB_M,mechanism_50_4_multi_hotspot_boundary_id04,769.5560183522806,1053484.4920685403,51.48658215779842,0.4079247415905843,
MHB_M,mechanism_50_4_multi_hotspot_boundary_id04,779.6690224115769,1071870.4668355002,45.59322647795089,0.4584576743120832,
MHB_M,mechanism_50_4_multi_hotspot_boundary_id04,783.2104550812687,989679.5207140946,49.73438724469619,0.4307164336515176,
MHB_M,mechanism_50_4_multi_hotspot_boundary_id04,789.1320147939869,1100596.8992192526,44.91999853623377,0.44665838768027866,
MHB_M,mechanism_50_4_multi_hotspot_boundary_id04,793.7261247708946,1098440.3491029567,44.19774730015458,0.4541834925068928,
MHB_M,mechanism_50_4_multi_hotspot_boundary_id04,795.0638726449051,996711.1359854714,46.20493635886328,0.4233426565443758,
MHB_M,mechanism_50_4_multi_hotspot_boundary_id04,804.4288003656493,916177.6448844929,48.19962552170684,0.4177314054439808,
MHB_M,mechanism_50_4_multi_hotspot_boundary_id04,810.297157915602,924487.559139892,47.0342447599741,0.4314964379277445,
MHB_M,mechanism_50_4_multi_hotspot_boundary_id04,812.383314174261,966154.3496667489,43.49120016567188,0.45863394337416963,
MHB_M,mechanism_50_4_multi_hotspot_boundary_id04,816.9351442062781,946418.7491990754,44.526878418696924,0.433815528355148,
MHB_M,mechanism_50_4_multi_hotspot_boundary_id04,822.7616016156578,905928.6363223018,49.101701870277225,0.40928200135818626,
MHB_M,mechanism_50_4_multi_hotspot_boundary_id04,825.198756279257,917874.7850228469,43.882507355602954,0.43329945214611804,
MHB_M,mechanism_50_4_multi_hotspot_boundary_id04,829.2393055771198,807198.0953215143,45.71676279516129,0.4394062055372773,
MHB_M,mechanism_50_4_multi_hotspot_boundary_id04,830.3509377789917,1060936.9918621785,38.03086686165271,0.47069621665100414,
MHB_M,mechanism_50_4_multi_hotspot_boundary_id04,831.5787432779476,948584.0888968708,40.827221485494704,0.4696702470152098,
MHB_M,mechanism_50_4_multi_hotspot_boundary_id04,835.1539775307713,782114.2735017075,52.38851834467203,0.3917496570791325,
MHB_M,mechanism_50_4_multi_hotspot_boundary_id04,836.4009535044459,1060756.8297003899,36.98662607019427,0.4804557977065567,
MHB_M,mechanism_50_4_multi_hotspot_boundary_id04,839.8157984225056,953835.665764429,38.70992713431684,0.4662733919020971,
MHB_M,mechanism_50_4_multi_hotspot_boundary_id04,845.0343361176463,934162.2324356723,38.079568615600564,0.4788805622764225,balanced
MHB_M,mechanism_50_4_multi_hotspot_boundary_id04,853.297350833138,913689.3841976348,39.73538129733884,0.44576430864165717,
MHB_M,mechanism_50_4_multi_hotspot_boundary_id04,854.2189471615062,796568.6844418508,48.6776878608966,0.450292038910921,
MHB_M,mechanism_50_4_multi_hotspot_boundary_id04,856.4198794426117,892014.4377442268,41.57594204329375,0.45127758726558104,
MHB_M,mechanism_50_4_multi_hotspot_boundary_id04,858.6363474799488,677680.9945543134,59.4047536508465,0.39034659137328576,
MHB_M,mechanism_50_4_multi_hotspot_boundary_id04,863.3837915837914,951968.7502867264,37.22141731088788,0.49535464060666656,
MHB_M,mechanism_50_4_multi_hotspot_boundary_id04,867.3611624664229,874655.4377110101,41.15587904541259,0.44263897348135706,
MHB_M,mechanism_50_4_multi_hotspot_boundary_id04,870.1135854927612,824644.9331439335,43.52382738980532,0.43141736207138687,
MHB_M,mechanism_50_4_multi_hotspot_boundary_id04,870.1659550339542,893186.044952295,40.079642430193836,0.47127857588498506,
MHB_M,mechanism_50_4_multi_hotspot_boundary_id04,875.4563993382106,737425.6117572376,50.98858136997187,0.42253482743881526,
MHB_M,mechanism_50_4_multi_hotspot_boundary_id04,876.6075110646605,782461.8014247282,46.12545349253885,0.44717196968377715,
MHB_M,mechanism_50_4_multi_hotspot_boundary_id04,876.8447188565714,799267.5513357056,44.35440652522872,0.4579603341457616,
MHB_M,mechanism_50_4_multi_hotspot_boundary_id04,878.1942700598086,651504.7182072353,57.55708095191672,0.40163824215378996,
MHB_M,mechanism_50_4_multi_hotspot_boundary_id04,880.551115733513,840811.7300973003,42.37747868709303,0.44189131865910836,
MHB_M,mechanism_50_4_multi_hotspot_boundary_id04,886.9782179176008,731018.5598125187,47.93495314213561,0.44454635608220705,
MHB_M,mechanism_50_4_multi_hotspot_boundary_id04,892.9129296122774,742546.5430074269,47.26967282127985,0.43024317736228257,
MHB_M,mechanism_50_4_multi_hotspot_boundary_id04,895.8583415645654,551299.4847885679,57.710524843835195,0.4031993648287239,
MHB_M,mechanism_50_4_multi_hotspot_boundary_id04,898.0194000132299,831869.5480457372,41.76016695521059,0.4524706489991385,
MHB_M,mechanism_50_4_multi_hotspot_boundary_id04,898.426736350864,814261.9898961998,43.16548249921532,0.43807219751019066,
MHB_M,mechanism_50_4_multi_hotspot_boundary_id04,899.301206246969,827038.5769330428,41.951545555920305,0.46395350342854685,
MHB_M,mechanism_50_4_multi_hotspot_boundary_id04,904.7868229241434,587910.0956064388,54.21087358754187,0.42471259688484664,
MHB_M,mechanism_50_4_multi_hotspot_boundary_id04,906.3454957704312,662348.0837339628,50.57055874546076,0.4303180453146042,
MHB_M,mechanism_50_4_multi_hotspot_boundary_id04,906.3794291360922,607572.769958894,53.19031072599888,0.4286095969351478,
MHB_M,mechanism_50_4_multi_hotspot_boundary_id04,908.2053409923888,721765.4217894104,46.76254741652204,0.4324630313487796,
MHB_M,mechanism_50_4_multi_hotspot_boundary_id04,909.3349785872069,642941.9055083825,52.36240549488301,0.41498137082109665,
MHB_M,mechanism_50_4_multi_hotspot_boundary_id04,910.4858633496872,704043.249710702,49.09734656031373,0.4382875159685188,
MHB_M,mechanism_50_4_multi_hotspot_boundary_id04,912.6829124237747,685638.0516259216,48.16972304389789,0.43822361527939324,
MHB_M,mechanism_50_4_multi_hotspot_boundary_id04,915.3782456564898,595377.2369608991,53.1919344645,0.4088427680066778,
MHB_M,mechanism_50_4_multi_hotspot_boundary_id04,915.9326591485327,906621.431898237,37.57783389410412,0.46178156428581685,
MHB_M,mechanism_50_4_multi_hotspot_boundary_id04,916.4580256761827,619490.8846695026,52.94080278273731,0.42341271399578995,
MHB_M,mechanism_50_4_multi_hotspot_boundary_id04,918.1551018129992,729660.4112476051,45.489133210003494,0.46055042025144116,
MHB_M,mechanism_50_4_multi_hotspot_boundary_id04,921.4422675765833,622462.1869726328,51.80733201113926,0.424943614095287,
MHB_M,mechanism_50_4_multi_hotspot_boundary_id04,924.034512463886,564361.512156761,56.698587612183424,0.4034086683581596,
MHB_M,mechanism_50_4_multi_hotspot_boundary_id04,924.298664004953,609256.9753083268,52.5787268919741,0.4241684378454935,
MHB_M,mechanism_50_4_multi_hotspot_boundary_id04,926.4259320864421,643842.1813481576,51.697490937640346,0.42934013946564453,
MHB_M,mechanism_50_4_multi_hotspot_boundary_id04,933.4944397879442,707263.2361669329,46.92727839463016,0.426941382022566,
MHB_M,mechanism_50_4_multi_hotspot_boundary_id04,947.6621881238219,585597.1203247542,52.97862215455111,0.4303115397813155,
MHB_M,mechanism_50_4_multi_hotspot_boundary_id04,950.177731549737,538659.5633501166,56.58705992567361,0.4115487597049794,
MHB_M,mechanism_50_4_multi_hotspot_boundary_id04,951.8661382193709,545019.4713985487,55.17519511448903,0.4302387435748122,
MHB_M,mechanism_50_4_multi_hotspot_boundary_id04,965.241373892912,446733.08546845557,61.459519671781784,0.3651057878443946,
MHB_M,mechanism_50_4_multi_hotspot_boundary_id04,969.6211516928297,441883.28565536416,61.459519671781784,0.3651057878443946,
MHB_M,mechanism_50_4_multi_hotspot_boundary_id04,970.17491866614,440069.862179796,61.459519671781784,0.3651057878443946,
MHB_M,mechanism_50_4_multi_hotspot_boundary_id04,981.7087382638085,479204.7895521695,59.220698290360424,0.4098822154728218,
MHB_M,mechanism_50_4_multi_hotspot_boundary_id04,984.9923162876348,484354.7911880196,58.75404894622801,0.41921520235546994,
MHB_M,mechanism_50_4_multi_hotspot_boundary_id04,767.8628053586986,1112411.0311012617,47.74629782525417,0.45988583509130526,
MHB_M,mechanism_50_4_multi_hotspot_boundary_id04,770.2134490797844,1104832.5399958473,48.240798346085654,0.44999582467467564,
MHB_M,mechanism_50_4_multi_hotspot_boundary_id04,775.0241596632562,1052048.9930534137,48.260937630481564,0.4551016388862695,
MHB_M,mechanism_50_4_multi_hotspot_boundary_id04,788.8185168078467,1000543.9025690556,46.80476999515918,0.45315777747724156,
MHB_M,mechanism_50_4_multi_hotspot_boundary_id04,794.2044138934903,1058743.47514362,44.772856391977626,0.4791673150303385,
MHB_M,mechanism_50_4_multi_hotspot_boundary_id04,796.7405689837988,985853.5526093073,46.24643481440837,0.46138245718058174,
MHB_M,mechanism_50_4_multi_hotspot_boundary_id04,799.5447205443751,1030845.4340978053,43.88577745683117,0.4777353431012501,
MHB_M,mechanism_50_4_multi_hotspot_boundary_id04,800.9165963922001,965498.3809899525,47.22130305081727,0.4319257175865981,
MHB_M,mechanism_50_4_multi_hotspot_boundary_id04,802.634524446752,843746.5189634662,52.618749869129424,0.40584743412617413,
MHB_M,mechanism_50_4_multi_hotspot_boundary_id04,803.5972527874876,964374.647891087,45.98685876474094,0.44332596810332686,
MHB_M,mechanism_50_4_multi_hotspot_boundary_id04,811.056400549703,821039.7900786503,54.178702454690935,0.3855970086656308,
MHB_M,mechanism_50_4_multi_hotspot_boundary_id04,812.2879030252915,848218.5128845137,50.40845074220556,0.4037501275707397,
MHB_M,mechanism_50_4_multi_hotspot_boundary_id04,813.9243337848864,777556.5120139746,56.55089433351762,0.4105845661588259,
MHB_M,mechanism_50_4_multi_hotspot_boundary_id04,816.0012183387839,805889.2479857894,51.180328732465,0.3944654863905649,
MHB_M,mechanism_50_4_multi_hotspot_boundary_id04,823.8303560078224,759722.3402055921,54.79825721893167,0.4118762446626285,
MHB_M,mechanism_50_4_multi_hotspot_boundary_id04,825.3913091380662,795124.6280362867,54.38385422607318,0.4263662147318444,
MHB_M,mechanism_50_4_multi_hotspot_boundary_id04,830.7145845998799,913175.7974312305,44.31441764487535,0.43876070223485447,
MHB_M,mechanism_50_4_multi_hotspot_boundary_id04,832.7151469123365,1043103.710313386,40.53088041422564,0.4574041295659882,
MHB_M,mechanism_50_4_multi_hotspot_boundary_id04,833.7326765788735,786097.1203495888,51.888174492053516,0.38060287566426354,
MHB_M,mechanism_50_4_multi_hotspot_boundary_id04,838.1399742537116,1164939.0215638957,35.343556955875144,0.4833180177788182,
MHB_M,mechanism_50_4_multi_hotspot_boundary_id04,860.5309193286439,690173.3990969642,58.16480240085919,0.38321028584473366,
MHB_M,mechanism_50_4_multi_hotspot_boundary_id04,878.9007772746862,737371.0939690326,47.47159069504009,0.44534366362729244,
MHB_M,mechanism_50_4_multi_hotspot_boundary_id04,892.5280887465954,667024.0835463714,53.396426853636704,0.41515101291309375,
MHB_M,mechanism_50_4_multi_hotspot_boundary_id04,893.5499679136942,582469.4916112272,58.864943896099575,0.42545281576438654,
MHB_M,mechanism_50_4_multi_hotspot_boundary_id04,893.7217684104636,752273.0624976079,44.43866159460578,0.4673349068438258,
MHB_M,mechanism_50_4_multi_hotspot_boundary_id04,894.5654147863582,658621.1561629674,53.91580323455305,0.4167604165748605,
MHB_M,mechanism_50_4_multi_hotspot_boundary_id04,900.5330268595277,715764.8693767957,48.069684386803765,0.44117414594871557,
MHB_M,mechanism_50_4_multi_hotspot_boundary_id04,907.7816626127236,844018.3188279532,40.54638949026795,0.48453348771848886,
MHB_M,mechanism_50_4_multi_hotspot_boundary_id04,908.1348769520989,686147.9621482511,49.19498696845811,0.4385611590499968,
MHB_M,mechanism_50_4_multi_hotspot_boundary_id04,914.8333186570173,651606.8302794459,52.256003558859845,0.4382710870224759,
MHB_M,mechanism_50_4_multi_hotspot_boundary_id04,921.2440977969926,618826.6113629091,52.86848129283873,0.41263255951877426,
MHB_M,mechanism_50_4_multi_hotspot_boundary_id04,931.8429856152104,507983.6101233507,58.56663419242658,0.412313878790366,
MHB_M,mechanism_50_4_multi_hotspot_boundary_id04,934.7965472109111,549855.2688017986,57.81083149767085,0.4028611436380229,
MHB_M,mechanism_50_4_multi_hotspot_boundary_id04,948.5492225842453,552075.9408958015,55.80169425345366,0.4133770217139514,
MHB_M,mechanism_50_4_multi_hotspot_boundary_id04,960.7739671959683,540755.0436536622,56.51550850044843,0.36868579564805787,
MHB_M,mechanism_50_4_multi_hotspot_boundary_id04,965.94014649438,533025.7576581412,56.97309413402758,0.3595340829764748,
MHB_M,mechanism_50_4_multi_hotspot_boundary_id04,971.1955396055865,457988.3375081145,60.89352514839548,0.3571236862947288,
MHB_M,mechanism_50_4_multi_hotspot_boundary_id04,972.3382424741847,544662.8320313594,55.89352514839548,0.37712368629472875,
MHB_M,mechanism_50_4_multi_hotspot_boundary_id04,976.1175141783507,455975.0581221451,60.89352514839548,0.3571236862947288,
MHB_M,mechanism_50_4_multi_hotspot_boundary_id04,763.8754652221434,969049.245902646,54.84253252591091,0.39460109166520957,
MHB_M,mechanism_50_4_multi_hotspot_boundary_id04,764.4673814763181,1149880.3760071115,52.3527682885024,0.41015865218519987,
MHB_M,mechanism_50_4_multi_hotspot_boundary_id04,769.9468656744082,1230688.5569731917,46.044007004057285,0.4703037257641513,
MHB_M,mechanism_50_4_multi_hotspot_boundary_id04,770.8449659070615,1109149.7004058815,47.971450547155655,0.4578816235990834,
MHB_M,mechanism_50_4_multi_hotspot_boundary_id04,773.2268346483687,1094509.985268919,48.48704513134174,0.44756973191536176,
MHB_M,mechanism_50_4_multi_hotspot_boundary_id04,783.7132327872521,1024830.9569985436,49.30827774321746,0.41569915542667585,
MHB_M,mechanism_50_4_multi_hotspot_boundary_id04,794.306396504537,1093930.6250932328,44.70706733112456,0.45016257366463847,
MHB_M,mechanism_50_4_multi_hotspot_boundary_id04,798.7702413377251,1060586.6008711725,43.196634878486336,0.45142598777034076,
MHB_M,mechanism_50_4_multi_hotspot_boundary_id04,799.3604552429097,995387.9807952842,45.64106806039113,0.4371188654596267,
MHB_M,mechanism_50_4_multi_hotspot_boundary_id04,809.4246468329407,930222.5461920262,46.4314300804542,0.41312556438786285,
MHB_M,mechanism_50_4_multi_hotspot_boundary_id04,809.9445125549191,926339.3636819795,46.75392768469244,0.41033909307007704,
MHB_M,mechanism_50_4_multi_hotspot_boundary_id04,841.6215534314364,740097.3922648645,59.53875539226383,0.39955803289742475,
MHB_M,mechanism_50_4_multi_hotspot_boundary_id04,928.719902009542,533948.7114433141,58.91982410289745,0.3833078167981682,
MHB_M,mechanism_50_4_multi_hotspot_boundary_id04,962.8349193624631,430844.62738879275,66.26251124987567,0.3105094358486721,
MHB_M,mechanism_50_4_multi_hotspot_boundary_id04,972.8279834939722,421546.5615696052,67.27619826471222,0.30732611282110756,
MHB_M,mechanism_50_4_multi_hotspot_boundary_id04,973.0403620390596,437274.61686870223,64.71700773189696,0.3147576855670701,
MHB_M,mechanism_50_4_multi_hotspot_boundary_id04,752.7179656027861,1079274.7617687485,54.540288782542206,0.3897152186280098,
MHB_M,mechanism_50_4_multi_hotspot_boundary_id04,753.588788137173,1067483.9913421855,55.27331565457095,0.37505468118743485,
MHB_M,mechanism_50_4_multi_hotspot_boundary_id04,758.703055108875,1048606.589483481,53.097177530419344,0.3881502765401871,
MHB_M,mechanism_50_4_multi_hotspot_boundary_id04,793.9072333781276,893129.6957110846,54.05291676228704,0.35944691258481953,
MHB_M,mechanism_50_4_multi_hotspot_boundary_id04,796.2995199558691,888448.1758468442,53.00067190483594,0.3990500637091225,
MHB_M,mechanism_50_4_multi_hotspot_boundary_id04,802.039571944005,1020031.3818587642,44.59734651910588,0.49020556454894904,
MHB_M,mechanism_50_4_multi_hotspot_boundary_id04,803.0130860424964,1159560.7574297201,42.558114449675486,0.5012161991477445,
MHB_M,mechanism_50_4_multi_hotspot_boundary_id04,809.3744170011188,953909.1769702368,46.238298117954095,0.449055086143247,
MHB_M,mechanism_50_4_multi_hotspot_boundary_id04,829.0073529613405,896126.5320617831,45.896404809606295,0.43997447250366334,
MHB_M,mechanism_50_4_multi_hotspot_boundary_id04,831.6264846226529,917141.3221986389,42.37303869099735,0.46451612385107394,
MHB_M,mechanism_50_4_multi_hotspot_boundary_id04,834.0142311137696,561224.6084401876,66.44055347724333,0.2879891629730011,
MHB_M,mechanism_50_4_multi_hotspot_boundary_id04,836.2951706801758,560701.0283100856,65.74891926644386,0.30182184718899036,
MHB_M,mechanism_50_4_multi_hotspot_boundary_id04,839.3279496332576,743279.7890562413,55.55586418828423,0.31212367954675957,
MHB_M,mechanism_50_4_multi_hotspot_boundary_id04,844.0403566263441,819490.3662794251,45.446024626249965,0.4514240627266768,
MHB_M,mechanism_50_4_multi_hotspot_boundary_id04,864.817267137624,548861.1194538614,64.80540293738773,0.2920244438888701,
MHB_M,mechanism_50_4_multi_hotspot_boundary_id04,867.6789823503744,517641.42991284654,68.32269722215693,0.25383513298348204,
MHB_M,mechanism_50_4_multi_hotspot_boundary_id04,867.7943775451198,513560.39052347164,67.77974073839832,0.2748708209741262,
MHB_M,mechanism_50_4_multi_hotspot_boundary_id04,875.5809344667312,499480.39783221507,63.86028807996345,0.31092674103735546,
MHB_M,mechanism_50_4_multi_hotspot_boundary_id04,890.7836655929812,642539.8530391108,55.54426749208459,0.43072597385087663,
MHB_M,mechanism_50_4_multi_hotspot_boundary_id04,896.0494887513971,628784.2513789543,53.34643342826098,0.43710636153334614,
MHB_M,mechanism_50_4_multi_hotspot_boundary_id04,903.4537520244542,860147.3637485874,41.008855552201986,0.44688549029103425,
MHB_M,mechanism_50_4_multi_hotspot_boundary_id04,916.6688411691644,891322.1747530517,38.8407112979158,0.446223968418889,
MHB_M,mechanism_50_4_multi_hotspot_boundary_id04,1001.0132653541642,790928.8760447472,44.10597074341386,0.45012903653543757,
MHB_M,mechanism_50_4_multi_hotspot_boundary_id04,1011.497324730069,772851.1398126264,44.248003679538535,0.44086632237161427,
MHB_M,mechanism_50_4_multi_hotspot_boundary_id04,1017.8492510846478,769565.371870164,44.19158146892132,0.4468295752357569,
MHB_M,mechanism_50_4_multi_hotspot_boundary_id04,1023.7369590081057,762864.3280436726,44.40182281562968,0.4514711466764519,
MHB_M,mechanism_50_4_multi_hotspot_boundary_id04,1038.1839081663063,599138.0537162212,52.00686727636066,0.46592475253389387,
MHB_M,mechanism_50_4_multi_hotspot_boundary_id04,1040.9099846142217,591305.3136199205,52.784773580940886,0.4505271254142597,
MHB_M,mechanism_50_4_multi_hotspot_boundary_id04,1046.509902815722,583117.8719641245,52.571048516300586,0.4546411277350954,
MHB_M,mechanism_50_4_multi_hotspot_boundary_id04,1047.2016435860942,685136.9201731404,48.27723833120534,0.4367615123239911,
MHB_M,mechanism_50_4_multi_hotspot_boundary_id04,749.3576945986638,559322.0335882052,68.05055984860766,0.2782535716725317,
MHB_M,mechanism_50_4_multi_hotspot_boundary_id04,751.4476446905401,586865.1995839375,65.17596939601368,0.29543473283356086,
MHB_M,mechanism_50_4_multi_hotspot_boundary_id04,756.1651496001195,566259.0730629277,66.64191759806289,0.27841026511975087,
MHB_M,mechanism_50_4_multi_hotspot_boundary_id04,757.641253033964,555994.5541650892,67.82207341961859,0.27665238438128353,
MHB_M,mechanism_50_4_multi_hotspot_boundary_id04,761.0638106216325,549406.7757427021,67.47284258484488,0.25902338837681776,
MHB_M,mechanism_50_4_multi_hotspot_boundary_id04,765.633809337902,555429.5721011499,67.3241092182518,0.24896402538905568,
MHB_M,mechanism_50_4_multi_hotspot_boundary_id04,769.134957082992,533914.9568293983,68.30040155975254,0.24964656128876161,
MHB_M,mechanism_50_4_multi_hotspot_boundary_id04,772.3586274041006,1069036.2860931684,50.602577915820035,0.43869600030978007,
MHB_M,mechanism_50_4_multi_hotspot_boundary_id04,789.8228388198834,982170.7206847067,47.9186402246843,0.41712558181383097,
MHB_M,mechanism_50_4_multi_hotspot_boundary_id04,797.2090509692214,962025.3667270034,48.41649391815999,0.4150472723882336,
MHB_M,mechanism_50_4_multi_hotspot_boundary_id04,798.7091587434111,1060252.4819659714,43.710539181655044,0.4497638714580009,
MHB_M,mechanism_50_4_multi_hotspot_boundary_id04,799.9477144555372,1101391.3482970074,42.706773204405735,0.43675198380634755,
MHB_M,mechanism_50_4_multi_hotspot_boundary_id04,804.8747672526647,951057.1858306259,47.213382801332216,0.43157715786756123,
MHB_M,mechanism_50_4_multi_hotspot_boundary_id04,842.079979643181,703047.0230648194,58.88071818592654,0.4071031186094373,
MHB_M,mechanism_50_4_multi_hotspot_boundary_id04,844.4306233642667,694994.60542449,59.351975501208415,0.3976779723037998,
MHB_M,mechanism_50_4_multi_hotspot_boundary_id04,856.262237041923,662711.9918081549,60.940690832294855,0.38205812765722114,
MHB_M,mechanism_50_4_multi_hotspot_boundary_id04,864.4582997495785,680159.7547179372,54.121206849485304,0.4466185943558873,
MHB_M,mechanism_50_4_multi_hotspot_boundary_id04,866.0632113670689,679915.5604643851,53.893972450713974,0.46052517467307597,
MHB_M,mechanism_50_4_multi_hotspot_boundary_id04,892.6413736154041,625563.4436526021,56.437142520191,0.460282504783615,
MHB_M,mechanism_50_4_multi_hotspot_boundary_id04,905.6294598483229,796987.2222670292,44.316360915641525,0.4545143007682457,
MHB_M,mechanism_50_4_multi_hotspot_boundary_id04,925.2902868712345,744593.6900604229,45.349630346861936,0.4451930761439909,
MHB_M,mechanism_50_4_multi_hotspot_boundary_id04,930.8051038106635,900625.8580047997,37.96999817045919,0.47329301889396347,
MHB_M,mechanism_50_4_multi_hotspot_boundary_id04,941.7479855810647,975254.4095757802,36.17877745583564,0.5123251916760126,
MHB_M,mechanism_50_4_multi_hotspot_boundary_id04,945.841728802967,546570.6736194711,57.16075667106383,0.4240069827841525,
MHB_M,mechanism_50_4_multi_hotspot_boundary_id04,955.682726208054,905139.9575267888,37.63901284298525,0.48690613614557604,
MHB_M,mechanism_50_4_multi_hotspot_boundary_id04,960.5807801768979,897247.4993556713,38.12116660028554,0.47784339103738765,
MHB_M,mechanism_50_4_multi_hotspot_boundary_id04,963.4807137350767,988698.340736764,35.435940541019136,0.48508425316514675,
MHB_M,mechanism_50_4_multi_hotspot_boundary_id04,970.4210525686117,857190.326724208,38.959971420745745,0.4991743185170997,
MHB_M,mechanism_50_4_multi_hotspot_boundary_id04,973.1290737054549,643758.6534752743,50.40436559913669,0.4539586953384518,
MHB_M,mechanism_50_4_multi_hotspot_boundary_id04,975.7274221599987,823921.3756744933,39.874211895787084,0.489696231858029,
MHB_M,mechanism_50_4_multi_hotspot_boundary_id04,979.6665930000219,1500647.187316154,30.7105168859298,0.5406496502975586,
MHB_M,mechanism_50_4_multi_hotspot_boundary_id04,987.8732742600408,1437265.0513527622,31.593975855834273,0.5136140967638007,
MHB_M,mechanism_50_4_multi_hotspot_boundary_id04,989.4514798592573,444547.195627272,58.25827891515366,0.39808564354596443,
MHB_M,mechanism_50_4_multi_hotspot_boundary_id04,991.8764028794928,717242.8074880284,45.568172244563016,0.45079350297694104,
MHB_M,mechanism_50_4_multi_hotspot_boundary_id04,992.1024296716821,926448.7861188911,36.86430365211501,0.4696571061933858,
MHB_M,mechanism_50_4_multi_hotspot_boundary_id04,994.9610944115145,1041623.8718663349,34.6808026114298,0.5027747569791731,
MHB_M,mechanism_50_4_multi_hotspot_boundary_id04,997.8923603678169,486612.6279843792,58.24467179055319,0.408575124751446,
MHB_M,mechanism_50_4_multi_hotspot_boundary_id04,1001.7894630288612,774974.5912637645,42.22953672686951,0.4630232554704351,
MHB_M,mechanism_50_4_multi_hotspot_boundary_id04,1002.4548885641267,1033623.1860041486,34.732231041099276,0.5175400952694438,
MHB_M,mechanism_50_4_multi_hotspot_boundary_id04,1005.5862636358285,1020897.7247974597,33.528539291326666,0.5200728538214809,
MHB_M,mechanism_50_4_multi_hotspot_boundary_id04,1006.816108671277,1511413.0003777454,30.56930309774652,0.536007690897719,
MHB_M,mechanism_50_4_multi_hotspot_boundary_id04,1008.9901294403686,1502398.1134063627,30.004564303478944,0.5467006724328517,
MHB_M,mechanism_50_4_multi_hotspot_boundary_id04,1010.8532361499234,1525428.3346137274,28.76054824844735,0.5520055503105898,
MHB_M,mechanism_50_4_multi_hotspot_boundary_id04,1022.0494242683624,1423780.7776211735,31.182526923137374,0.5046652067839098,
MHB_M,mechanism_50_4_multi_hotspot_boundary_id04,1027.5853015504952,1501324.7352940552,29.171581975890916,0.5305973227612426,
MHB_M,mechanism_50_4_multi_hotspot_boundary_id04,1029.444266911888,1489940.8915094037,28.888870849986112,0.5291975450390615,
MHB_M,mechanism_50_4_multi_hotspot_boundary_id04,1040.5728181011903,1399656.601573504,30.519208416902146,0.508704471353071,
MHB_M,mechanism_50_4_multi_hotspot_boundary_id04,1048.3739491738143,1397164.9332379445,31.35068996436228,0.5223963736862142,
MHB_M,mechanism_50_4_multi_hotspot_boundary_id04,1053.5724666715519,1474386.5689037822,30.326302436322052,0.5296421879468294,
MHB_M,mechanism_50_4_multi_hotspot_boundary_id04,1056.1709442332806,1345522.7895783808,32.05747148170317,0.49606834869727934,
MHB_M,mechanism_50_4_multi_hotspot_boundary_id04,1056.5476647474147,1386837.9854089848,29.92752796694019,0.507990136241193,
MHB_M,mechanism_50_4_multi_hotspot_boundary_id04,1068.579496104367,1374458.8356108249,31.9474838719293,0.5053668185847471,
MHB_M,mechanism_50_4_multi_hotspot_boundary_id04,1103.4826135939625,1423474.0223793013,28.878001010177258,0.5296242931447895,
MHB_M,mechanism_50_4_multi_hotspot_boundary_id04,774.9869821129433,1101761.0737247244,48.42397513343778,0.44633228892763305,
MHB_M,mechanism_50_4_multi_hotspot_boundary_id04,781.7843369885154,770341.8228030199,56.93834472703541,0.3541173647711557,
MHB_M,mechanism_50_4_multi_hotspot_boundary_id04,796.9049199976173,1036700.2673585137,45.19179528558495,0.46579663104330343,
MHB_M,mechanism_50_4_multi_hotspot_boundary_id04,802.65408473512,940664.9896849083,48.796697577024275,0.41893245293527814,
MHB_M,mechanism_50_4_multi_hotspot_boundary_id04,804.4443585022526,789702.9366111434,55.901495339221974,0.3748543525274244,
MHB_M,mechanism_50_4_multi_hotspot_boundary_id04,808.3874005642513,1001449.801865999,41.00734531194633,0.487641479684768,
MHB_M,mechanism_50_4_multi_hotspot_boundary_id04,815.9175265297555,906998.3892144773,47.84806812924337,0.43595486343337286,
MHB_M,mechanism_50_4_multi_hotspot_boundary_id04,823.0258548146263,701019.1856770193,60.5649043594114,0.3804958694896975,
MHB_M,mechanism_50_4_multi_hotspot_boundary_id04,830.1339996532115,680209.8822925965,60.81219551947791,0.35531145960354615,
MHB_M,mechanism_50_4_multi_hotspot_boundary_id04,831.2446997179436,676343.4144764963,59.94681652212198,0.3829682208388552,
MHB_M,mechanism_50_4_multi_hotspot_boundary_id04,854.6990495541478,665925.0490660209,60.65940599789601,0.37501922939838656,
MHB_M,mechanism_50_4_multi_hotspot_boundary_id04,863.1725827411578,844545.4299223965,42.345797837839115,0.4538499558047605,
MHB_M,mechanism_50_4_multi_hotspot_boundary_id04,867.2622355254981,637511.0871221529,60.28944434983198,0.3809047999109471,
MHB_M,mechanism_50_4_multi_hotspot_boundary_id04,876.4806244646563,613309.8556709762,59.277347150034686,0.41478022475008786,
MHB_M,mechanism_50_4_multi_hotspot_boundary_id04,894.7968406101675,602329.5224657588,56.19116061630962,0.417468151009582,
MHB_M,mechanism_50_4_multi_hotspot_boundary_id04,901.3214794290888,748102.8684241113,45.56187142452712,0.45575605446551376,
MHB_M,mechanism_50_4_multi_hotspot_boundary_id04,941.4932317416614,526652.3358843509,57.91721784573678,0.40801171911948075,
MHB_M,mechanism_50_4_multi_hotspot_boundary_id04,950.4499690663298,523700.8447605775,57.370882825346804,0.41893841952727995,
RH_M,mechanism_50_4_remote_hotspot_id04,826.4248334763583,1069917.508585102,72.50827066573254,0.12595958044621217,
RH_M,mechanism_50_4_remote_hotspot_id04,831.6523311744504,1061613.327541644,72.72965330871519,0.1215319275865593,
RH_M,mechanism_50_4_remote_hotspot_id04,836.3611430352797,1067182.9690593705,72.27794099973853,0.12754447418197987,
RH_M,mechanism_50_4_remote_hotspot_id04,836.4021767587083,1056709.4459353017,73.2140887181331,0.11184321939820091,
RH_M,mechanism_50_4_remote_hotspot_id04,846.8639683840911,1079416.9382058969,67.85350202633066,0.19378893745180778,
RH_M,mechanism_50_4_remote_hotspot_id04,850.1243552383497,1055982.242072294,72.74946096054505,0.11610470506358084,
RH_M,mechanism_50_4_remote_hotspot_id04,853.4638508409182,975588.5495136563,70.67391415275523,0.18131268527384165,
RH_M,mechanism_50_4_remote_hotspot_id04,854.6054404102786,958696.9966955076,70.52230252479464,0.17615867266922866,
RH_M,mechanism_50_4_remote_hotspot_id04,858.1474219340073,998367.8378025154,70.39677957897857,0.16724148653922055,
RH_M,mechanism_50_4_remote_hotspot_id04,865.6952521265218,887649.4729736757,78.61134640202306,0.08795959290445288,
RH_M,mechanism_50_4_remote_hotspot_id04,867.2698200444358,908285.165704069,71.55275431967388,0.17208391473697635,
RH_M,mechanism_50_4_remote_hotspot_id04,870.5780493793244,895544.3867402386,78.05266649297565,0.09317292110468114,
RH_M,mechanism_50_4_remote_hotspot_id04,872.2438750078784,827977.5899629593,82.11089483401076,0.09253887183900632,
RH_M,mechanism_50_4_remote_hotspot_id04,873.7382472110618,939485.27115533,69.98372652822539,0.1755025475542843,
RH_M,mechanism_50_4_remote_hotspot_id04,874.2262998334048,893494.2740745229,71.87894698021032,0.1655600615262475,
RH_M,mechanism_50_4_remote_hotspot_id04,876.9360785928525,878662.658077846,71.56502086427345,0.17183858384498482,
RH_M,mechanism_50_4_remote_hotspot_id04,876.9600331067982,872240.3153121881,78.65289924931898,0.09714167460766893,
RH_M,mechanism_50_4_remote_hotspot_id04,881.9377578981894,894827.5186767726,70.55243246608971,0.16412842879699788,
RH_M,mechanism_50_4_remote_hotspot_id04,884.2804772646282,1109056.3312410011,67.65965377265064,0.19407428221434297,
RH_M,mechanism_50_4_remote_hotspot_id04,887.390652565506,823211.5608992913,83.06278217110963,0.08142184341511367,
RH_M,mechanism_50_4_remote_hotspot_id04,888.1173195389321,855675.4113704335,75.4002513958398,0.13201013791211577,
RH_M,mechanism_50_4_remote_hotspot_id04,891.3658559433409,990227.5173181164,69.57035163288216,0.1837700454611489,
RH_M,mechanism_50_4_remote_hotspot_id04,893.755617625345,867492.2570463911,74.79826247376539,0.1520014425960494,
RH_M,mechanism_50_4_remote_hotspot_id04,896.3975792753691,1036430.2836719014,67.98019140201185,0.1912551499381841,
RH_M,mechanism_50_4_remote_hotspot_id04,896.9724971387459,1018096.8367280358,68.97231312646873,0.17854563730942202,
RH_M,mechanism_50_4_remote_hotspot_id04,897.4538451751853,1093959.8896000003,67.71700855078555,0.19651880696270996,
RH_M,mechanism_50_4_remote_hotspot_id04,898.608132316519,767526.1758516468,76.89159646526298,0.12604475763442302,
RH_M,mechanism_50_4_remote_hotspot_id04,900.2908748677551,1035147.7978165532,68.92423867750544,0.17950712628868806,
RH_M,mechanism_50_4_remote_hotspot_id04,905.7161209577852,875625.4313707596,73.01423725958367,0.14643074663923786,
RH_M,mechanism_50_4_remote_hotspot_id04,909.022306154293,1003610.9533589566,68.31856774698551,0.1880906878806661,
RH_M,mechanism_50_4_remote_hotspot_id04,910.5531534672891,864426.5527899191,71.13157013106127,0.172159565707721,
RH_M,mechanism_50_4_remote_hotspot_id04,912.2113172883022,836401.1742752286,74.17175977871743,0.1608280732743455,
RH_M,mechanism_50_4_remote_hotspot_id04,916.9993483238563,759819.9809075833,75.61330709033929,0.14909357807801701,
RH_M,mechanism_50_4_remote_hotspot_id04,919.9817270390578,803794.2690780333,74.68666725930893,0.13916386745367462,
RH_M,mechanism_50_4_remote_hotspot_id04,926.6943396888295,695103.5350268357,83.16460118024219,0.09046363795272465,
RH_M,mechanism_50_4_remote_hotspot_id04,948.276284316244,817210.2038446637,70.09819377067836,0.1839140276754069,
RH_M,mechanism_50_4_remote_hotspot_id04,950.4100484639389,782401.8601393497,75.1503940512795,0.1583518388592126,
RH_M,mechanism_50_4_remote_hotspot_id04,953.6429142848712,777076.6884840631,74.9918816534368,0.16152208681606667,
RH_M,mechanism_50_4_remote_hotspot_id04,954.4976285984704,884822.4293630029,70.04464797195907,0.1779279415509015,
RH_M,mechanism_50_4_remote_hotspot_id04,958.5415216033415,614766.3111947217,84.32192010661807,0.11356159786763877,
RH_M,mechanism_50_4_remote_hotspot_id04,959.2604146764265,748306.3699316849,75.24148195808553,0.15653008072309224,
RH_M,mechanism_50_4_remote_hotspot_id04,961.6413185832818,592439.8469858838,84.51636670802588,0.10967266583948244,
RH_M,mechanism_50_4_remote_hotspot_id04,962.0440025855759,788448.1985218993,73.69084497887928,0.16056353856120617,
RH_M,mechanism_50_4_remote_hotspot_id04,963.1317746695232,734055.7195109578,74.77815300251775,0.16579665983444772,
RH_M,mechanism_50_4_remote_hotspot_id04,971.4305856243657,840774.674429763,69.63819618827873,0.18241315435321745,
RH_M,mechanism_50_4_remote_hotspot_id04,973.3243441960786,1112656.805871333,66.63079130865066,0.21406928533762684,
RH_M,mechanism_50_4_remote_hotspot_id04,983.7383093757542,565651.6981676691,88.3303695065555,0.03339260986888992,
RH_M,mechanism_50_4_remote_hotspot_id04,985.1320396126639,1340149.115266773,66.25946066734924,0.19420092527150287,
RH_M,mechanism_50_4_remote_hotspot_id04,985.264839138355,1348599.486013303,66.12126617758372,0.19696481506681318,
RH_M,mechanism_50_4_remote_hotspot_id04,986.0115095520717,1043257.0424208574,65.97517341176706,0.22346282062980155,
RH_M,mechanism_50_4_remote_hotspot_id04,987.90439278083,1331194.7851903408,65.79954363839511,0.19880009556104422,
RH_M,mechanism_50_4_remote_hotspot_id04,991.0293518423857,585733.9886669847,86.41818331651992,0.0716363336696018,
RH_M,mechanism_50_4_remote_hotspot_id04,991.5540959542197,1317152.4516750753,64.31694625521386,0.20460519312120645,
RH_M,mechanism_50_4_remote_hotspot_id04,992.6081025314005,574391.5355400799,86.41692468238544,0.0716615063522911,
RH_M,mechanism_50_4_remote_hotspot_id04,995.2166458137357,530682.8410430595,88.15519070472513,0.036896185905497286,
RH_M,mechanism_50_4_remote_hotspot_id04,995.5963713799991,564764.5566110325,86.09931444277716,0.07801371114445685,
RH_M,mechanism_50_4_remote_hotspot_id04,997.1430996533009,540611.1323278744,87.41101044075357,0.05177979118492855,
RH_M,mechanism_50_4_remote_hotspot_id04,999.4782577861811,764907.0485281342,73.47769104550791,0.18104106558705962,
RH_M,mechanism_50_4_remote_hotspot_id04,1003.6174045474932,929224.5349048802,69.03216768156973,0.16598266445371798,
RH_M,mechanism_50_4_remote_hotspot_id04,1007.3991649394353,1290701.2808424933,64.66862913399494,0.20180449543889342,
RH_M,mechanism_50_4_remote_hotspot_id04,1009.2949611489166,922906.2142015458,68.16019600866146,0.17916499292459,
RH_M,mechanism_50_4_remote_hotspot_id04,1011.8044880059219,552559.6805222533,85.86786420806168,0.0826427158387666,
RH_M,mechanism_50_4_remote_hotspot_id04,1016.9027851086632,1232896.48376831,64.66862913399494,0.20180449543889342,
RH_M,mechanism_50_4_remote_hotspot_id04,1017.369068403124,918910.4855599776,68.49024927103548,0.19029948756316917,
RH_M,mechanism_50_4_remote_hotspot_id04,1018.3903440533068,909991.1834963504,68.63187471262341,0.1874669787314102,
RH_M,mechanism_50_4_remote_hotspot_id04,1020.2275502210695,1416927.9981289152,62.857257248590024,0.2137138330066205,
RH_M,mechanism_50_4_remote_hotspot_id04,1024.370553277443,1381088.7516174417,63.37223924543245,0.20341419306977204,
RH_M,mechanism_50_4_remote_hotspot_id04,1026.0388231037548,579853.886109467,84.21938160528174,0.07634790394350822,
RH_M,mechanism_50_4_remote_hotspot_id04,1027.5557264501213,790682.7622528777,71.3762122477063,0.14705545739734208,
RH_M,mechanism_50_4_remote_hotspot_id04,1029.65079736468,1064583.0559670497,65.45086931074721,0.22977503618241765,
RH_M,mechanism_50_4_remote_hotspot_id04,1031.45846271194,675239.2078110873,77.74371675492182,0.17327089871047185,
RH_M,mechanism_50_4_remote_hotspot_id04,1034.2441812110387,494905.8550949058,87.68311576405698,0.04633768471886031,
RH_M,mechanism_50_4_remote_hotspot_id04,1035.3849977861914,678901.0846354362,76.96106633327743,0.18892390714335966,
RH_M,mechanism_50_4_remote_hotspot_id04,1040.674007506107,528920.172601643,83.98298559276148,0.1203402881447704,
RH_M,mechanism_50_4_remote_hotspot_id04,1043.345218456545,645258.9509226953,78.88221670063868,0.15089331046016347,
RH_M,mechanism_50_4_remote_hotspot_id04,1046.270024209314,491027.74972785235,87.68311576405698,0.04633768471886031,
RH_M,mechanism_50_4_remote_hotspot_id04,1055.9392742224568,511865.92431847326,84.12025568383255,0.11759488632334902,
RH_M,mechanism_50_4_remote_hotspot_id04,1061.304093386537,476045.54991888447,87.56625135831847,0.04867497283363054,
RH_M,mechanism_50_4_remote_hotspot_id04,1065.7984107644575,521596.8208951866,83.29621047173379,0.1340757905653242,
RH_M,mechanism_50_4_remote_hotspot_id04,1066.124851386545,506815.8991627223,83.35184081467553,0.13296318370648952,
RH_M,mechanism_50_4_remote_hotspot_id04,1069.376329116974,1310785.1772933446,64.28529099833492,0.2140578267207182,
RH_M,mechanism_50_4_remote_hotspot_id04,1070.8800623082034,1228148.8269540449,64.49459066861893,0.2010523048531052,
RH_M,mechanism_50_4_remote_hotspot_id04,1079.247014244303,1223042.5977049284,65.00816073255375,0.19078090357440877,
RH_M,mechanism_50_4_remote_hotspot_id04,1091.1876830554552,1293490.7139600588,64.04576683881471,0.2188483099111219,
RH_M,mechanism_50_4_remote_hotspot_id04,1092.997729840807,1315059.0369607292,62.61601412713026,0.21064600632253755,
RH_M,mechanism_50_4_remote_hotspot_id04,1117.6913670858812,1475246.1832958935,60.450869310747215,0.24977503618241767,
RH_M,mechanism_50_4_remote_hotspot_id04,1125.6352711419058,1291959.4995746196,64.04576683881473,0.2188483099111218,
RH_M,mechanism_50_4_remote_hotspot_id04,1186.421914008598,2321649.709433179,56.610351412773504,0.25480111104263636,
RH_M,mechanism_50_4_remote_hotspot_id04,1192.7219465894254,2319197.515974361,56.6103514127735,0.2548011110426364,
RH_M,mechanism_50_4_remote_hotspot_id04,1247.2349540238417,2286396.4794439226,57.00430042800666,0.2507588158660182,
RH_M,mechanism_50_4_remote_hotspot_id04,1299.3107788175244,2299249.343296018,56.12503732716928,0.2567423673850533,
RH_M,mechanism_50_4_remote_hotspot_id04,801.5857293499807,1292782.2713025562,71.0753829898743,0.143547962648083,
RH_M,mechanism_50_4_remote_hotspot_id04,802.1181226346639,1296205.8900872571,71.00883895939246,0.1377026133646772,
RH_M,mechanism_50_4_remote_hotspot_id04,809.739872332945,1289014.3614507995,71.23089673409109,0.13332504798836084,
RH_M,mechanism_50_4_remote_hotspot_id04,815.3978780769673,1274549.75806523,71.25507687283456,0.13284144521349134,
RH_M,mechanism_50_4_remote_hotspot_id04,818.5589032116234,1276110.794037247,70.9371193321282,0.14979921183740072,
RH_M,mechanism_50_4_remote_hotspot_id04,823.6832979225022,1262280.0137694415,72.09659296215578,0.13134721206584543,
RH_M,mechanism_50_4_remote_hotspot_id04,833.2544071452744,1210372.3899770705,69.39334226974235,0.20327717212319116,
RH_M,mechanism_50_4_remote_hotspot_id04,881.5395687777357,809031.0956041742,83.90563430516544,0.09512323662990588,
RH_M,mechanism_50_4_remote_hotspot_id04,883.6381476918204,1058522.0719022113,69.23882961154712,0.176831762293327,
RH_M,mechanism_50_4_remote_hotspot_id04,954.9285684877414,754539.2854704305,77.34073101999526,0.16061583747054212,
RH_M,mechanism_50_4_remote_hotspot_id04,957.4428248757004,705562.8844276989,79.43622410857725,0.13136801054495437,
RH_M,mechanism_50_4_remote_hotspot_id04,960.7919816397927,1658244.7576869456,64.24800883525229,0.18900255328873242,
RH_M,mechanism_50_4_remote_hotspot_id04,969.632180993117,700361.7771783407,78.50081095319945,0.15007627365251042,
RH_M,mechanism_50_4_remote_hotspot_id04,971.4980000733456,693551.1137900398,78.70421860493047,0.14600812061789,
RH_M,mechanism_50_4_remote_hotspot_id04,977.8888100175267,1675580.6615651145,64.00179771492489,0.22406939340523926,
RH_M,mechanism_50_4_remote_hotspot_id04,1020.2428687753109,576352.833489878,84.81723054196911,0.10365538916061773,
RH_M,mechanism_50_4_remote_hotspot_id04,1021.9451850610367,553880.765612239,84.689856184501,0.10620287630997995,
RH_M,mechanism_50_4_remote_hotspot_id04,1055.8811897528717,2581762.545715303,60.44510123605174,0.2332524603957694,
RH_M,mechanism_50_4_remote_hotspot_id04,1063.4982059451022,2580523.7051144596,60.44510123605174,0.23325246039576938,
RH_M,mechanism_50_4_remote_hotspot_id04,1226.5603705710528,2341486.204946936,56.41101740177935,0.27780801105285224,
RH_M,mechanism_50_4_remote_hotspot_id04,1227.6861804451794,2439878.137022602,56.21913865710314,0.2816455859463765,
RH_M,mechanism_50_4_remote_hotspot_id04,1227.80307654868,2340331.8587754057,56.21913865710314,0.2816455859463765,
RH_M,mechanism_50_4_remote_hotspot_id04,1311.6193165061368,2142693.257852736,57.14093814632187,0.2676079696262051,
RH_M,mechanism_50_4_remote_hotspot_id04,825.8799698256641,1020687.9097562724,74.92511025676188,0.12083097055158916,
RH_M,mechanism_50_4_remote_hotspot_id04,828.3644966951964,993282.7059492704,76.27412655211145,0.10972047096605979,
RH_M,mechanism_50_4_remote_hotspot_id04,836.4257947740404,1007678.9409301124,75.66055475359478,0.09936772498064503,
RH_M,mechanism_50_4_remote_hotspot_id04,839.935753775749,992218.3989963012,75.85034961551787,0.1099695615254739,
RH_M,mechanism_50_4_remote_hotspot_id04,848.235243568936,1012864.2862338612,74.44731058079026,0.12216051589856387,
RH_M,mechanism_50_4_remote_hotspot_id04,851.6227062275555,958966.1159211244,74.55225335843188,0.11638830606622555,
RH_M,mechanism_50_4_remote_hotspot_id04,854.5241965725312,922962.192958291,75.57545927056672,0.09894588740764125,
RH_M,mechanism_50_4_remote_hotspot_id04,855.5924830975076,914083.851925409,76.25369420265449,0.09752017775661927,
RH_M,mechanism_50_4_remote_hotspot_id04,859.1024420992163,898880.2588895272,76.44348906457758,0.1081220143014481,
RH_M,mechanism_50_4_remote_hotspot_id04,859.2330084333605,928372.1116153294,75.18062582121608,0.10382085681054166,
RH_M,mechanism_50_4_remote_hotspot_id04,865.1555166264478,874382.9638071411,79.08564976482218,0.10722498524363142,
RH_M,mechanism_50_4_remote_hotspot_id04,903.7999284178422,938441.0543318387,70.48413415428509,0.17253306484739153,
RH_M,mechanism_50_4_remote_hotspot_id04,919.633065535688,888351.845380016,69.9992940179539,0.1779969076807069,
RH_M,mechanism_50_4_remote_hotspot_id04,928.7238102820635,798060.7829550714,74.00925742570637,0.16414595943124527,
RH_M,mechanism_50_4_remote_hotspot_id04,956.1829937680989,867374.6881166472,69.70450245382072,0.1839518323888977,
RH_M,mechanism_50_4_remote_hotspot_id04,966.1370189148363,722147.1905754516,77.71128108174766,0.17035656998662116,
RH_M,mechanism_50_4_remote_hotspot_id04,970.8242826726872,934015.8180083942,69.08833267655953,0.20044909440190278,
RH_M,mechanism_50_4_remote_hotspot_id04,973.0667742241978,808119.9542257235,72.52067723744568,0.15702848862146243,
RH_M,mechanism_50_4_remote_hotspot_id04,974.257672329742,715958.0056927435,76.7985827320217,0.1499340913788023,
RH_M,mechanism_50_4_remote_hotspot_id04,975.5278302800477,815839.3040504404,71.69051088326069,0.17005532500470488,
RH_M,mechanism_50_4_remote_hotspot_id04,977.8805524236948,649457.6029674067,79.4201954637127,0.13558090657999633,
RH_M,mechanism_50_4_remote_hotspot_id04,981.6772861607269,626258.0973723661,79.34416227369618,0.13710157038032683,
RH_M,mechanism_50_4_remote_hotspot_id04,985.2465293719977,764293.9974873848,74.29826710979894,0.16711615804023505,
RH_M,mechanism_50_4_remote_hotspot_id04,989.9527107286406,743036.1317549259,74.66603959507052,0.15976070833480369,
RH_M,mechanism_50_4_remote_hotspot_id04,1017.6560905101178,709974.9885709592,75.29747908266846,0.14713191858284475,
RH_M,mechanism_50_4_remote_hotspot_id04,1030.3989118180666,588854.1191276741,81.68096796315997,0.09740195296785098,
RH_M,mechanism_50_4_remote_hotspot_id04,1032.6026660796242,655958.6878472713,77.57034678569661,0.1689422960143334,
RH_M,mechanism_50_4_remote_hotspot_id04,1039.066353097274,745325.203379952,73.50717431461064,0.18353538971132502,
RH_M,mechanism_50_4_remote_hotspot_id04,1046.8716430525865,742850.3460844388,73.50717431461064,0.18353538971132502,
RH_M,mechanism_50_4_remote_hotspot_id04,1070.3610734567799,553391.228638911,82.70348526978704,0.1459302946042592,
RH_M,mechanism_50_4_remote_hotspot_id04,1083.705147529065,1208313.9052802068,64.07291375530522,0.21652451293368047,
RH_M,mechanism_50_4_remote_hotspot_id04,1335.1085125811842,2110265.2707327073,56.99952629004473,0.2543164777391008,
RH_M,mechanism_50_4_remote_hotspot_id04,1427.6481390958456,2761294.1548652337,55.41282852762508,0.2798708068227335,
RH_M,mechanism_50_4_remote_hotspot_id04,821.7748977726925,1190351.443756379,72.90909972627256,0.12175148564533746,
RH_M,mechanism_50_4_remote_hotspot_id04,825.1759211897372,1170169.1011268916,73.19403594670275,0.11036077960732207,
RH_M,mechanism_50_4_remote_hotspot_id04,828.00986957859,1182447.0297433336,72.2430306006335,0.12263984216740739,
RH_M,mechanism_50_4_remote_hotspot_id04,881.2194901705479,856355.2021446527,81.92964928003633,0.08972764963795835,
RH_M,mechanism_50_4_remote_hotspot_id04,890.736676673598,754250.1814211388,87.14901480227186,0.056920542929315726,
RH_M,mechanism_50_4_remote_hotspot_id04,925.256902828532,661359.4560682232,87.48730828961116,0.05025383420777683,
RH_M,mechanism_50_4_remote_hotspot_id04,947.1529702821206,923660.9051764775,69.41155998017729,0.17632074915632073,
RH_M,mechanism_50_4_remote_hotspot_id04,952.9962665493924,631083.7055099868,86.91520704067219,0.06159669816130939,
RH_M,mechanism_50_4_remote_hotspot_id04,958.4840017201211,612529.4262678721,86.73052377864072,0.0652903634019387,
RH_M,mechanism_50_4_remote_hotspot_id04,961.6794694713597,939073.5054365532,67.93330437318087,0.19074149544850286,
RH_M,mechanism_50_4_remote_hotspot_id04,968.1900955896597,1011468.2078508479,66.75650018014504,0.22058526327135794,
RH_M,mechanism_50_4_remote_hotspot_id04,975.6200913483004,1000127.1936479926,66.62672174760024,0.2196159790684992,
RH_M,mechanism_50_4_remote_hotspot_id04,984.3671042592283,709372.2803159705,76.5904458857979,0.15996510888464313,
RH_M,mechanism_50_4_remote_hotspot_id04,987.0753575953644,776074.8530469157,73.85072894632734,0.16825756316766974,
RH_M,mechanism_50_4_remote_hotspot_id04,1002.2281164781892,582273.499402699,82.85678663194868,0.10546422934358744,
RH_M,mechanism_50_4_remote_hotspot_id04,1006.334820621001,581733.2088920476,82.2090367142257,0.12137634462419687,
RH_M,mechanism_50_4_remote_hotspot_id04,1009.5248194397749,1385192.7533637101,64.00908879985089,0.20855916884123787,
RH_M,mechanism_50_4_remote_hotspot_id04,1021.4341919432695,715965.9986243087,74.79528412495291,0.14936645959515837,
RH_M,mechanism_50_4_remote_hotspot_id04,1022.9893718781236,721499.2611311035,74.52619516352703,0.15474823882367572,
RH_M,mechanism_50_4_remote_hotspot_id04,1029.5076111260546,700660.1680928685,75.32737807488564,0.13872458059650364,
RH_M,mechanism_50_4_remote_hotspot_id04,1036.6517296173965,564868.4222996595,83.21460780611883,0.13570784387762344,
RH_M,mechanism_50_4_remote_hotspot_id04,1042.22599006287,548032.2663131768,83.66786192343109,0.1266427615313783,
RH_M,mechanism_50_4_remote_hotspot_id04,1050.5379392724508,563778.7443983663,82.77697036080609,0.14446059278387818,
RH_M,mechanism_50_4_remote_hotspot_id04,1065.7774633626345,920995.0183806588,67.7804149364697,0.19379928418272627,
RH_M,mechanism_50_4_remote_hotspot_id04,1068.809751947031,2547627.078333106,60.439165198507055,0.23015438934262328,
RH_M,mechanism_50_4_remote_hotspot_id04,1071.099077246321,911982.8706319395,67.17189483091971,0.2032751363165853,
RH_M,mechanism_50_4_remote_hotspot_id04,1100.6561108764415,1123958.7756509618,65.33766305746714,0.24382309892276524,
RH_M,mechanism_50_4_remote_hotspot_id04,1106.5595273837125,1086599.887197212,64.76298517840107,0.2482779866897855,
RH_M,mechanism_50_4_remote_hotspot_id04,1132.1408860043048,1068978.9814075544,65.3068652410337,0.23353705830000432,
RH_M,mechanism_50_4_remote_hotspot_id04,1139.0808427615652,2373283.1338729654,57.62517472358909,0.2561165104303512,
RH_M,mechanism_50_4_remote_hotspot_id04,1146.6081591145976,2270508.8042880655,57.925343630097416,0.23546583026993737,
RH_M,mechanism_50_4_remote_hotspot_id04,1289.2912540375787,2755871.100173692,56.1463705051307,0.2519550801889061,
RH_M,mechanism_50_4_remote_hotspot_id04,1350.7051182462974,2762661.354602486,55.77600504248443,0.2559856386554151,
RH_M,mechanism_50_4_remote_hotspot_id04,845.3090971218642,935107.6761055639,82.11747539140664,0.08976686707338402,
RH_M,mechanism_50_4_remote_hotspot_id04,911.2765058334348,943026.9053577497,66.79003491632503,0.21082531975861168,balanced
RH_M,mechanism_50_4_remote_hotspot_id04,925.4351811027162,695626.0665419797,81.73725970478274,0.10127283515111284,
RH_M,mechanism_50_4_remote_hotspot_id04,946.452383790112,939373.0694349589,67.13175845793414,0.21072144594201117,
RH_M,mechanism_50_4_remote_hotspot_id04,959.3579133765021,808345.1887442635,72.0092848430792,0.21040918963563393,
RH_M,mechanism_50_4_remote_hotspot_id04,962.1829865552229,739192.2957248569,78.37508954602372,0.10434611513412588,
RH_M,mechanism_50_4_remote_hotspot_id04,964.571980795853,806179.7846138689,73.31070419102662,0.1462747778343788,
RH_M,mechanism_50_4_remote_hotspot_id04,967.8619404372166,627926.6558995397,81.28534417642031,0.0982779323258444,
RH_M,mechanism_50_4_remote_hotspot_id04,977.3716563394353,631523.4926490003,81.01632281771664,0.09976603636216662,
RH_M,mechanism_50_4_remote_hotspot_id04,983.4955166529758,1441288.8300358793,61.949138247501566,0.23468192294938237,
RH_M,mechanism_50_4_remote_hotspot_id04,984.3364575957114,728015.6311146419,76.1696000418698,0.19695723089086983,
RH_M,mechanism_50_4_remote_hotspot_id04,986.7582133209164,931277.074465683,67.33278838155373,0.20670084746961948,
RH_M,mechanism_50_4_remote_hotspot_id04,987.0523737127421,933615.6366283842,66.7224770249812,0.2152714904750851,
RH_M,mechanism_50_4_remote_hotspot_id04,989.6235395556901,856123.7331428586,69.09914819812094,0.19963540820335057,
RH_M,mechanism_50_4_remote_hotspot_id04,992.3680715903748,588192.7286589091,85.80395551705436,0.08392088965891288,
RH_M,mechanism_50_4_remote_hotspot_id04,995.2922832770257,1430052.4132393298,61.755289993821535,0.23496726771191756,
RH_M,mechanism_50_4_remote_hotspot_id04,997.431348661296,588921.0280735015,84.96713764119528,0.10065724717609456,
RH_M,mechanism_50_4_remote_hotspot_id04,1009.0825891720265,650341.1608753299,78.48446919195291,0.15160088203805133,
RH_M,mechanism_50_4_remote_hotspot_id04,1010.2578006862826,557343.8992638668,86.21869975098629,0.07562600498027434,
RH_M,mechanism_50_4_remote_hotspot_id04,1022.659087740429,1406287.6821356583,62.76113590237095,0.2357425093138142,
RH_M,mechanism_50_4_remote_hotspot_id04,1023.2636631326704,576823.2103036264,84.63468568180228,0.1073062863639545,
RH_M,mechanism_50_4_remote_hotspot_id04,1026.0311801353787,1389374.7217324544,61.22630739931732,0.25116698662358766,
RH_M,mechanism_50_4_remote_hotspot_id04,1027.6513177141478,1313553.2864662046,63.183914333485646,0.2376018816859655,
RH_M,mechanism_50_4_remote_hotspot_id04,1030.4989061190872,845671.8106762161,69.17467146777082,0.1981249428103531,
RH_M,mechanism_50_4_remote_hotspot_id04,1030.5328237537117,1339574.610610961,62.33748445888794,0.24136159676613952,
RH_M,mechanism_50_4_remote_hotspot_id04,1055.7777433895913,994205.3220424952,65.6381525028755,0.23300894872862554,
RH_M,mechanism_50_4_remote_hotspot_id04,1057.8000188167516,1384288.0121708284,61.33175296665604,0.24878711378392596,
RH_M,mechanism_50_4_remote_hotspot_id04,1062.5456359657096,1319159.6355953924,62.11361435086236,0.2271352958948731,
RH_M,mechanism_50_4_remote_hotspot_id04,1067.5926159579951,1354458.0504127287,61.17303209765306,0.25196153116398556,
RH_M,mechanism_50_4_remote_hotspot_id04,1076.3098876538218,1253467.227326162,64.30368653317453,0.21554464150227887,
RH_M,mechanism_50_4_remote_hotspot_id04,1076.5105082164205,1351163.1984491234,61.28005480224387,0.24017090274125816,
RH_M,mechanism_50_4_remote_hotspot_id04,1080.3700062455293,1261378.5697037252,64.22816326352466,0.21705510689527635,
RH_M,mechanism_50_4_remote_hotspot_id04,1081.4229114935233,1295596.6866057406,63.20144476502358,0.2339538927393132,
RH_M,mechanism_50_4_remote_hotspot_id04,1081.6793715372798,1808543.7688172897,58.94058272122331,0.2500822112581862,
RH_M,mechanism_50_4_remote_hotspot_id04,1087.7887906848296,1333473.7748976883,61.91527414441668,0.23110210002378678,
RH_M,mechanism_50_4_remote_hotspot_id04,1094.1642766977488,1324008.0820841664,61.915274144416685,0.23110210002378678,
RH_M,mechanism_50_4_remote_hotspot_id04,1102.9369669571272,1807149.3012306984,60.14837686558612,0.22358980886168978,
RH_M,mechanism_50_4_remote_hotspot_id04,1111.5717087516311,1313114.1818108626,62.389600652930895,0.22161556985350253,
RH_M,mechanism_50_4_remote_hotspot_id04,1118.9324625160662,1795183.2677464215,59.71146085676163,0.2323281290381796,
RH_M,mechanism_50_4_remote_hotspot_id04,1127.8223411605522,1794551.1563162778,59.71146085676163,0.2323281290381796,
RH_M,mechanism_50_4_remote_hotspot_id04,1132.0349464922629,673375.9294617894,76.26010292023179,0.19608820747247396,
RH_M,mechanism_50_4_remote_hotspot_id04,1136.4976110470943,700558.3406592284,75.43523721416102,0.21258552159388927,
RH_M,mechanism_50_4_remote_hotspot_id04,1138.8606917874179,1682039.5720237095,59.86106360908832,0.22923742718635076,
RH_M,mechanism_50_4_remote_hotspot_id04,1141.983671172689,1775167.1130523542,58.68423456767942,0.2374898576454856,
RH_M,mechanism_50_4_remote_hotspot_id04,1144.3389390804964,698485.6376181883,75.53216095464734,0.2106470467841628,
RH_M,mechanism_50_4_remote_hotspot_id04,1149.8225554809767,1729863.860246487,59.46225372354529,0.24084920902319612,
RH_M,mechanism_50_4_remote_hotspot_id04,1151.756382566139,1785542.8852266383,57.15604386217247,0.2590197219842966,
RH_M,mechanism_50_4_remote_hotspot_id04,1161.6861281229785,1771884.6936512608,58.07951406492953,0.24418590205514012,
RH_M,mechanism_50_4_remote_hotspot_id04,1166.760575311054,1406465.574092109,60.95817702069621,0.2550843697005436,
RH_M,mechanism_50_4_remote_hotspot_id04,1168.6596374415399,1736797.2032886166,57.643358808883136,0.24501631806279003,
RH_M,mechanism_50_4_remote_hotspot_id04,1202.1276147414744,1676120.0907226352,59.86106360908831,0.22923742718635076,
RH_M,mechanism_50_4_remote_hotspot_id04,1202.3319940307902,1735285.108740583,57.86571681006048,0.24056915803924292,
RH_M,mechanism_50_4_remote_hotspot_id04,1225.9702485394364,1703698.3161929715,59.336867354014075,0.2298510432821246,
RH_M,mechanism_50_4_remote_hotspot_id04,1319.5111782574504,1479587.832270177,60.11962898898568,0.2623128528273455,
RH_M,mechanism_50_4_remote_hotspot_id04,1346.4140018458793,1567281.716394938,59.80199888979925,0.2686654548110743,
RH_M,mechanism_50_4_remote_hotspot_id04,1384.5266341549327,1569679.4275425896,58.70562455907812,0.29059294142549685,
RH_M,mechanism_50_4_remote_hotspot_id04,1389.3386842529922,1567632.6091321046,58.70562455907812,0.29059294142549685,
RH_M,mechanism_50_4_remote_hotspot_id04,800.3473562486678,1088530.0667604415,78.70857187900371,0.14200632416413916,cost_prioritized
RH_M,mechanism_50_4_remote_hotspot_id04,803.9032780872847,1076353.2181572695,78.92146355386856,0.14090931007894608,
RH_M,mechanism_50_4_remote_hotspot_id04,806.9001518699499,1110711.512939321,77.93367042779171,0.14344046937438515,
RH_M,mechanism_50_4_remote_hotspot_id04,812.7542435344392,1183523.162059736,74.31714033938316,0.10915743619773398,
RH_M,mechanism_50_4_remote_hotspot_id04,819.4403783228541,1178718.4610855777,74.21606333524635,0.11117897628047027,
RH_M,mechanism_50_4_remote_hotspot_id04,822.7354484864203,1172148.083581434,72.39641887117256,0.13526017152180111,
RH_M,mechanism_50_4_remote_hotspot_id04,835.821133966279,954452.5629043706,78.21353397231866,0.14360396178245313,
RH_M,mechanism_50_4_remote_hotspot_id04,839.2325925514432,1187808.9454529977,71.0358522906424,0.15487089034204168,
RH_M,mechanism_50_4_remote_hotspot_id04,846.2909451826206,1136782.0204323258,71.2164431452502,0.13470212925644365,
RH_M,mechanism_50_4_remote_hotspot_id04,863.4972632121821,854713.332168847,83.40500997363226,0.07168437569353084,
RH_M,mechanism_50_4_remote_hotspot_id04,883.2358688799984,832401.8355755085,80.85127074156206,0.12496655998274481,
RH_M,mechanism_50_4_remote_hotspot_id04,943.0525065599167,730188.040350549,79.46596871814796,0.1319708915141506,
RH_M,mechanism_50_4_remote_hotspot_id04,982.410549543649,2828863.743608946,63.552792549873914,0.1893792173144794,
RH_M,mechanism_50_4_remote_hotspot_id04,1010.1352833933308,559635.4617190082,85.16706021192128,0.09665879576157438,
RH_M,mechanism_50_4_remote_hotspot_id04,1023.7144634825653,518449.1155977011,85.61125036047558,0.08777499279048834,
RH_M,mechanism_50_4_remote_hotspot_id04,1027.775032500026,579726.8599128061,82.78452678884209,0.1443094642231583,
RH_M,mechanism_50_4_remote_hotspot_id04,1033.3487181820815,497165.55375489057,86.3100741244857,0.07379851751028613,
RH_M,mechanism_50_4_remote_hotspot_id04,1037.7533743605804,547223.1430307713,84.4833303519822,0.11033339296035603,
RH_M,mechanism_50_4_remote_hotspot_id04,831.2949428303015,1181901.1355866205,71.3167544655948,0.1643779531891559,
RH_M,mechanism_50_4_remote_hotspot_id04,831.7236944327714,1177981.2107193226,71.69395584335436,0.1482342409485484,
RH_M,mechanism_50_4_remote_hotspot_id04,840.6450926455557,1152609.0949440026,70.38929937963012,0.17529800722144936,
RH_M,mechanism_50_4_remote_hotspot_id04,844.5551962958151,1115085.1076799242,71.97620399452018,0.14258927792523227,
RH_M,mechanism_50_4_remote_hotspot_id04,951.8706790451755,656954.4408157411,82.55577862589506,0.1281876952493038,
RH_M,mechanism_50_4_remote_hotspot_id04,958.8471967803747,1709600.3670118763,65.43714749381854,0.19434104493768117,
RH_M,mechanism_50_4_remote_hotspot_id04,1005.0797033685144,571888.7148760243,86.05133044161441,0.07897339116771167,
RH_M,mechanism_50_4_remote_hotspot_id04,846.7437985622037,1066377.4292805095,71.11105138984179,0.1575426188905804,
RH_M,mechanism_50_4_remote_hotspot_id04,889.8907390020395,1021955.9238862522,69.23248189267805,0.1834939312173709,
RH_M,mechanism_50_4_remote_hotspot_id04,941.5419839805386,840071.717411339,72.80580726120789,0.15425420415458438,
RH_M,mechanism_50_4_remote_hotspot_id04,944.3950925431963,810373.7190428814,73.32269800453416,0.13292357680688716,
RH_M,mechanism_50_4_remote_hotspot_id04,954.5368840636187,665403.888063848,79.62653006034921,0.12247852016155908,
RH_M,mechanism_50_4_remote_hotspot_id04,960.2934661095926,673856.5707846694,79.38939798278332,0.14362072052385813,
RH_M,mechanism_50_4_remote_hotspot_id04,962.9103129208539,1569017.0799598747,64.53684155883127,0.18731821054109304,
RH_M,mechanism_50_4_remote_hotspot_id04,975.0853361905386,628687.4022727505,81.22806355137256,0.10819293477714963,
RH_M,mechanism_50_4_remote_hotspot_id04,992.0703463728694,579828.7104882745,85.94618339775751,0.08107633204484972,
RH_M,mechanism_50_4_remote_hotspot_id04,1001.2655271973256,595320.3263518543,79.64328005656438,0.13111921472296287,
RH_M,mechanism_50_4_remote_hotspot_id04,1001.7219989613368,647285.4121821917,79.15512623129433,0.1408822912283637,
RH_M,mechanism_50_4_remote_hotspot_id04,1048.4670299336442,840870.2444652707,69.39228273782939,0.18673404759488058,
RH_M,mechanism_50_4_remote_hotspot_id04,883.2437910514651,796236.6859775492,84.14809115423024,0.117038176915395,
RH_M,mechanism_50_4_remote_hotspot_id04,923.8894138274877,685255.7158957158,84.8189779301772,0.06680015491781272,
RH_M,mechanism_50_4_remote_hotspot_id04,925.3886409457868,683512.3834900815,84.8189779301772,0.06680015491781272,
RH_M,mechanism_50_4_remote_hotspot_id04,1003.756571534274,635109.7053203817,79.0407652864373,0.14376688589282807,
RH_M,mechanism_50_4_remote_hotspot_id04,1014.6731327765559,526188.0034260207,87.30545726972962,0.05389085460540775,
RH_M,mechanism_50_4_remote_hotspot_id04,1015.924739001691,508579.37930620834,87.64419284200011,0.04711614315999769,
RH_M,mechanism_50_4_remote_hotspot_id04,1017.2555267822972,516781.5521394765,87.27733421198664,0.05445331576026707,
RH_M,mechanism_50_4_remote_hotspot_id04,1027.1910380581662,502849.2255476699,87.76934819066312,0.044613036186737516,
RH_M,mechanism_50_4_remote_hotspot_id04,1049.540019301197,588044.7966587481,79.73912518050794,0.12920231224409176,
RH_M,mechanism_50_4_remote_hotspot_id04,1060.540955435205,557333.4832852132,81.61877260715166,0.11031425983317089,
RH_M,mechanism_50_4_remote_hotspot_id04,1066.8999029667532,614442.7772540037,78.85741446050372,0.15245356468712484,
RH_M,mechanism_50_4_remote_hotspot_id04,1080.3681283103406,649517.7300709743,78.56110030342207,0.153360185553133,
RH_M,mechanism_50_4_remote_hotspot_id04,1129.5868122069899,1890026.9680274623,58.18131905423394,0.23567993009834293,
RH_M,mechanism_50_4_remote_hotspot_id04,907.3792422070871,740764.7158806728,79.55328977465797,0.13291902036109093,
RH_M,mechanism_50_4_remote_hotspot_id04,909.868573170045,732846.422015315,79.71180217250068,0.1297487724042369,
RH_M,mechanism_50_4_remote_hotspot_id04,916.8818401575867,716420.3216199578,80.22788888646456,0.11942703812495939,
RH_M,mechanism_50_4_remote_hotspot_id04,922.5644899920841,739836.1969441836,79.15291978126189,0.1409264202290128,
RH_M,mechanism_50_4_remote_hotspot_id04,940.8439748868421,662615.8078044966,80.03384934772424,0.12330782889976576,
RH_M,mechanism_50_4_remote_hotspot_id04,956.1839189063105,730483.3606407759,78.50998546425271,0.1537851065691963,
RH_M,mechanism_50_4_remote_hotspot_id04,965.589741985325,635332.008644739,81.54701437555525,0.09822847267909346,
RH_M,mechanism_50_4_remote_hotspot_id04,973.9684049120843,683485.9630624352,78.01405288001567,0.16370375825393724,
RH_M,mechanism_50_4_remote_hotspot_id04,978.3259872336841,776538.7128670961,71.6861580056075,0.16047043244947268,
RH_M,mechanism_50_4_remote_hotspot_id04,985.4417229604785,600548.1400609865,79.25619146781199,0.13616643652086985,
RH_M,mechanism_50_4_remote_hotspot_id04,1008.7015449948649,581677.9574468954,85.84272233571038,0.08314555328579255,
RH_M,mechanism_50_4_remote_hotspot_id04,1040.4656602899154,547181.0364234317,83.73354197564068,0.1253291604871864,
RH_M,mechanism_50_4_remote_hotspot_id04,1043.5389289275618,562755.7244049028,83.51211158122639,0.12975776837547204,
RH_M,mechanism_50_4_remote_hotspot_id04,1055.409223500071,538921.3357679679,83.21677929434826,0.13566441411303484,
RH_M,mechanism_50_4_remote_hotspot_id04,1535.0890708217723,3777351.0050881216,55.315870899880146,0.30728147460868166,quality_prioritized
RH_M,mechanism_50_4_remote_hotspot_id04,1538.0202069110585,3771615.4003817216,55.400777721109,0.3055833381841045,
RH_M,mechanism_50_4_remote_hotspot_id04,1540.5151389071648,3612508.222450628,55.400777721109,0.3055833381841045,
