algorithm,scenario_id,group_name,scenario_type,A_mean,A_std,A_median,AS_mean,AS_std,AS_median,C_mean,C_std,C_median,G_mean,G_std,G_median,HV_mean,HV_std,HV_median,IGD+_mean,IGD+_std,IGD+_median,feasible_rate_mean,feasible_rate_std,feasible_rate_median,ls_boundary_balance_moves_mean,ls_boundary_balance_moves_std,ls_boundary_balance_moves_median,ls_calls_mean,ls_calls_std,ls_calls_median,ls_structure_moves_mean,ls_structure_moves_std,ls_structure_moves_median,ls_time_moves_mean,ls_time_moves_std,ls_time_moves_median,max_AS_mean,max_AS_std,max_AS_median,min_A_mean,min_A_std,min_A_median,min_C_mean,min_C_std,min_C_median,min_G_mean,min_G_std,min_G_median,mutation_bbr_accepts_mean,mutation_bbr_accepts_std,mutation_bbr_accepts_median,mutation_bbr_attempts_mean,mutation_bbr_attempts_std,mutation_bbr_attempts_median,mutation_bbr_imbalance_triggers_mean,mutation_bbr_imbalance_triggers_std,mutation_bbr_imbalance_triggers_median,mutation_bbr_overload_triggers_mean,mutation_bbr_overload_triggers_std,mutation_bbr_overload_triggers_median,mutation_cfm_accepts_mean,mutation_cfm_accepts_std,mutation_cfm_accepts_median,mutation_cfm_attempts_mean,mutation_cfm_attempts_std,mutation_cfm_attempts_median,n_solutions_mean,n_solutions_std,n_solutions_median,runtime_mean_sec,runtime_std_sec,runtime_median_sec,total_sorties_mean,total_sorties_std,total_sorties_median,uav_load_range_mean,uav_load_range_std,uav_load_range_median,uav_load_std_mean,uav_load_std_std,uav_load_std_median,used_uavs_mean,used_uavs_std,used_uavs_median,count
msd_ag_nsga2,uav_3_multi_hotspot_boundary_id01,uav_3,multi_hotspot_boundary,834214.0156951147,44734.016516828335,846594.4672897182,0.31536006593642396,0.02518491940235928,0.30927995303568506,677.228278458547,17.072044488282355,677.720893312417,58.255781012946315,2.0423588478024985,58.55594377603737,0.7250215699746225,0.01401638856023684,0.7249808518822699,0.025245832250243388,0.007297388610394866,0.024674498913716203,1.0,0.0,1.0,1.8,2.4413111231467406,0.0,868.0,0.0,868.0,6618.0,134.01193976657453,6587.0,3381.4,63.96749174385376,3394.5,0.36798459097901187,0.01813321980484872,0.37156723011174364,430242.79959309084,16230.687731912207,430787.77083992417,622.8004821902999,3.6417587199925894,621.3724858156872,49.494084047868725,0.7081809637247884,49.55729100218319,1135.8,560.9054822338609,1113.5,7806.4,79.03062697461029,7793.5,1225.4,604.5363843475428,1198.5,130.8,59.67880695858455,148.5,4955.3,55.23956915110762,4961.5,5194.4,56.0860053845877,5203.0,138.6,1.2,138.5,32.426632500067356,0.9132324617752536,32.15893004159443,3.0,0.0,3.0,0.0,0.0,0.0,0.0,0.0,0.0,3.0,0.0,3.0,10
msd_ag_nsga2,uav_3_multi_hotspot_boundary_id02,uav_3,multi_hotspot_boundary,950432.0497292925,92597.82641075927,939314.010497241,0.4083015984902227,0.02935550497230357,0.41430522002415976,660.9174592284865,22.70837391221523,656.6211844306968,51.014230163352174,4.5442182484051505,49.689698711975446,0.6752277456859432,0.03517168514953319,0.6822359804746632,0.03334536054776595,0.013106256915448145,0.03019761939262268,1.0,0.0,1.0,4.2,7.0398863627192165,1.0,868.0,0.0,868.0,6646.7,210.2441675766536,6672.5,3380.3,74.32906564729575,3399.5,0.46309991834580844,0.01893472733596923,0.46238008632911226,432952.6111437512,15082.55665437151,436645.3179522437,607.8172096798827,11.661178821301537,605.8050142583703,41.31736265534899,1.5220046238078604,41.07551175412158,1384.8,743.3960989943383,1103.0,7804.6,69.50136689303312,7797.5,1482.3,797.8261778106809,1162.0,252.6,181.63821183880884,197.5,5050.3,76.7529152540801,5057.5,5187.9,52.844015744453024,5197.5,139.1,0.8306623862918076,139.0,32.94364125414286,2.3986324565258026,31.883875062456354,3.0,0.0,3.0,0.0,0.0,0.0,0.0,0.0,0.0,3.0,0.0,3.0,10
msd_ag_nsga2,uav_3_multi_hotspot_boundary_id03,uav_3,multi_hotspot_boundary,752323.2096503676,44491.41469281222,756220.1499721154,0.34308837321115127,0.019673839121156864,0.33831669419290467,706.7004283596849,29.453552631081877,706.5447986871429,52.25827777716815,2.7670121416692237,51.782621670310476,0.6769720885947234,0.01860506522515885,0.6749903728121845,0.02737672513103198,0.00503722920926561,0.028893346195698368,1.0,0.0,1.0,1.3,2.1,0.5,868.0,0.0,868.0,6552.2,218.4380003570807,6572.5,3398.5,44.045998683194824,3398.0,0.4076997385611964,0.016519281967252213,0.40444364334289473,472385.29513794725,19413.358218774716,479849.6608586244,621.1497780257453,6.28458333910212,621.9059485486813,41.21962574939654,2.12691616827971,40.92530503366888,1272.3,471.5324060973964,1170.0,7790.7,117.05900221683079,7765.0,1359.7,517.006779452649,1258.5,279.5,136.08765557536805,245.5,5073.0,97.70465700262194,5098.0,5242.4,82.66825267295783,5241.0,138.9,0.9433981132056604,139.0,31.967840795847586,1.5192373014846923,31.877413645968772,3.0,0.0,3.0,0.0,0.0,0.0,0.0,0.0,0.0,3.0,0.0,3.0,10
msd_ag_nsga2,uav_3_multi_hotspot_boundary_id04,uav_3,multi_hotspot_boundary,798839.8636905382,163357.82590658896,751820.7306164519,0.3351896056466904,0.019929220559566977,0.33715475749717605,737.2972450868904,27.869601347854573,739.2488092618555,62.73517643380742,1.4347708090593048,62.86575862193033,0.7169379078146731,0.026760201393352636,0.7286636778939994,0.03457551904841311,0.014317353599600142,0.03033837991869097,1.0,0.0,1.0,12.5,11.968709203585824,7.0,868.0,0.0,868.0,6193.9,318.7756107358278,6214.5,3193.6,126.97968341431633,3221.5,0.3678413466415993,0.01583599029157805,0.3691993171090384,462312.55888580147,25466.351388679403,458091.5728921114,684.9018491862075,9.34203333294853,684.8874845367045,56.767318585749784,1.4266407457487869,56.528822657246145,1955.9,428.89752855431567,1945.5,7793.1,86.22348867912966,7783.5,2117.6,462.87065147835847,2135.0,438.0,154.10515890131649,408.0,4923.8,106.128035881194,4920.0,5194.9,91.43024663643864,5184.0,125.4,14.880860190190619,135.0,38.09996244993526,2.301865020348573,37.98497849935666,3.1,0.3,3.0,6.423547408000002,19.270642224000007,0.0,3.0280892876467145,9.084267862940143,0.0,3.0,0.0,3.0,10
msd_ag_nsga2,uav_3_multi_hotspot_boundary_id05,uav_3,multi_hotspot_boundary,887930.4589781126,106502.97318757173,861656.3648538808,0.3693053890762611,0.03424142907426276,0.36831325222460176,745.8133759955532,11.413349633765026,741.5642061346891,49.502596142625784,2.6862035898610475,49.291965312254995,0.665120505147558,0.039052359434322795,0.6647883976150302,0.035120577768117986,0.013197829122595851,0.03335983607378257,1.0,0.0,1.0,13.8,9.097252332435326,9.5,868.0,0.0,868.0,5098.7,592.2955427824862,5190.0,3067.6,235.51229267280297,3158.0,0.42514817879140265,0.017038828894748354,0.4282510309088616,564342.9059410237,25964.01808133486,557563.9029676806,682.1367146459331,18.92810532987328,677.056455331961,39.692496250785936,1.7548888844604895,39.836295761072165,1786.4,714.1074428963755,1843.5,7807.4,71.33190029713214,7813.0,1713.4,631.6958445327941,1587.5,837.1,634.9638493646705,656.5,4865.3,133.46314097907333,4895.5,5206.1,38.03011964219939,5201.5,132.5,7.513321502504734,136.0,40.03596393745393,6.025938955027564,38.284660000004806,3.0,0.0,3.0,0.0,0.0,0.0,0.0,0.0,0.0,3.0,0.0,3.0,10
msd_ag_nsga2,uav_3_multi_hotspot_boundary_id06,uav_3,multi_hotspot_boundary,875990.9323034264,58734.84656946228,848851.3113119956,0.33690182701622406,0.025174157450759932,0.33357444874643033,617.062933459145,11.79850894813787,618.1040457405757,57.57030516559105,3.045918684094484,57.69379865699541,0.5430433742857974,0.008775720549750555,0.5415793476225332,0.028819308258032528,0.006354795835713805,0.02590761288249862,1.0,0.0,1.0,0.5,1.2041594578792296,0.0,868.0,0.0,868.0,6738.1,171.90721334487392,6810.5,3358.6,78.06048936561953,3382.0,0.4272053630621526,0.010815503476121016,0.42549610778252456,423632.9178450665,14053.823209904005,419529.4201668849,568.5474445069104,9.515928412797777,565.4796039410458,41.18870602113761,1.7168062815309726,41.393044402846314,1149.8,491.7411514201348,997.5,7809.4,74.95358563804669,7814.0,1212.9,518.7129167468263,1055.5,126.6,60.51974884283642,93.0,5041.7,110.94868183083565,5043.5,5245.1,71.8017409259692,5246.5,138.8,0.9797958971132712,139.0,30.983382437401453,0.6041074142332341,30.907695604022592,3.0,0.0,3.0,0.0,0.0,0.0,0.0,0.0,0.0,3.0,0.0,3.0,10
msd_ag_nsga2,uav_3_multi_hotspot_boundary_id07,uav_3,multi_hotspot_boundary,701443.8850972146,32292.805718384792,694683.8793499314,0.5397888317252885,0.024315575473119508,0.5347893404827285,634.4838681895012,10.006360742286448,637.9881531067863,39.86689014968535,2.5543895350985766,40.00585149624518,0.5804810039469839,0.035050786551453376,0.5848728880731062,0.03879601251278407,0.013754559325983339,0.035094797538456235,1.0,0.0,1.0,0.0,0.0,0.0,868.0,0.0,868.0,6889.4,64.18130568942954,6936.5,3467.0,9.077444574328174,3472.0,0.5924518660080262,0.012693820388596785,0.5939959774552968,423544.4845888177,27619.794724166684,428681.6550595319,560.2192041915465,7.587337736089847,562.5989999988899,30.22671296062915,2.2126189303851076,29.248683213190684,1168.8,506.6477671913693,1141.5,7824.7,67.00753688951714,7817.5,1205.7,522.5931591592067,1187.0,108.4,67.74245345424094,76.0,5038.3,63.055610376872885,5024.5,5205.2,34.70389027184128,5194.5,138.7,1.4866068747318506,139.0,26.728843795810825,1.020721294349796,26.623863458400592,3.0,0.0,3.0,0.0,0.0,0.0,0.0,0.0,0.0,3.0,0.0,3.0,10
msd_ag_nsga2,uav_3_multi_hotspot_boundary_id08,uav_3,multi_hotspot_boundary,898219.0919272944,72200.77536998269,910773.7343231901,0.31748556958138374,0.014686385099417365,0.32230181601309776,653.4071368285536,19.25064854609355,652.8447556258184,60.54115040972696,2.30154430733798,60.386791267666865,0.5342242687422761,0.016890702322138754,0.5299501474630464,0.03448749351941567,0.0072786487851513905,0.03613757189698473,1.0,0.0,1.0,4.0,7.362064927722384,0.5,868.0,0.0,868.0,6638.3,216.27993434435842,6711.0,3242.0,111.42261888862602,3230.5,0.3714652296857678,0.010711455877877538,0.37379760427148284,440340.3977903003,15692.594463648584,439408.3626698843,587.3031841703151,12.81975352161713,586.6752618795228,48.0976001073783,1.384222032778097,47.97159785210768,1379.4,552.5191761378062,1543.0,7791.1,73.4921084198841,7811.0,1480.3,597.1499058025547,1661.5,166.1,89.66208786326581,149.5,5070.7,73.89729359049626,5075.0,5198.1,56.91124669166895,5207.0,139.2,0.7483314773547882,139.0,32.43246981678531,1.3097320905276453,32.27381837496068,3.0,0.0,3.0,0.0,0.0,0.0,0.0,0.0,0.0,3.0,0.0,3.0,10
msd_ag_nsga2,uav_3_remote_hotspot_id01,uav_3,remote_hotspot,1134697.6566388567,177717.79253940008,1064034.2007698976,0.13895417254944067,0.013554574116886561,0.13624907000635117,770.8135504854476,53.50450864598962,747.4981213225216,73.13249050124178,2.089428290869126,74.2325897056765,0.6753708323155274,0.015456645701071463,0.6811195827310129,0.024818873397110145,0.00595229468267176,0.023181464538100285,1.0,0.0,1.0,39.0,43.25968099743687,22.5,868.0,0.0,868.0,5693.5,392.08755399782837,5695.0,2314.7,230.83286161203304,2318.5,0.26910097981778647,0.018014442641900625,0.26893834132581956,524693.0420163053,18976.87158107614,524448.6138028563,686.8286582255802,7.371608420290849,688.7426949294879,64.1525135495734,0.9893408550751627,64.39988364205038,2844.4,451.745547847458,2796.5,7821.6,94.22971930341298,7775.5,3212.3,282.6000884642466,3209.5,1910.2,582.7314647416938,1976.5,4969.0,52.75225113679984,4963.0,5173.9,50.08083465758134,5182.5,137.1,3.176476034853718,138.5,54.17868894180283,5.429194662002655,54.63678085443098,3.4,0.48989794855663565,3.0,29.670706573,40.08001786071233,0.0,13.986905213576378,18.893901612925088,0.0,3.0,0.0,3.0,10
msd_ag_nsga2,uav_3_remote_hotspot_id02,uav_3,remote_hotspot,1607547.7975251477,315991.2214006986,1600084.5424394526,0.1957042814524035,0.033863636795963326,0.1887423511418037,880.2752979676218,53.64071352024734,863.9503210498964,71.90673041258302,2.33874163272103,72.87645281121011,0.654093852777747,0.04290483922985219,0.6371291406372286,0.05628044776287873,0.023974379584448473,0.07069485075214484,1.0,0.0,1.0,18.4,14.981321704042003,15.5,868.0,0.0,868.0,4702.1,437.5747821801435,4571.0,2476.8,254.26159757226415,2505.0,0.3181540297150546,0.02186336937204858,0.3120286658901553,691709.3772645683,25259.871524992446,692467.4560123039,727.5118336587768,20.546438558710907,730.9433098957638,61.340417393667984,1.1187667365361647,61.38499414096478,3270.1,667.7286050484882,3453.5,7798.7,72.53833469276779,7795.5,3170.3,283.1554520047248,3127.0,2805.6,903.2755061441665,3235.0,4846.9,83.44273485450965,4831.0,5183.8,53.7936799261772,5186.5,133.7,5.197114584074513,136.0,62.40730915439781,8.494535909068704,66.02645008347463,4.4,0.4898979485566356,4.0,99.278839782,19.188552226336565,102.95489879000002,45.31411690808706,8.876160139676056,45.96822675134938,3.0,0.0,3.0,10
msd_ag_nsga2,uav_3_remote_hotspot_id03,uav_3,remote_hotspot,1510863.3469801815,327842.37954951596,1610379.4040557563,0.23746678277372632,0.022183310143082967,0.2353391544694056,794.0295204462464,29.24884448582933,802.7298715595139,64.17491572629288,3.3400035018909477,62.99287889399124,0.6514141756200703,0.011346205432269345,0.6503959772208086,0.02226673200797718,0.005633291424183961,0.02398160047148462,1.0,0.0,1.0,16.3,30.55503231875234,5.0,868.0,0.0,868.0,6124.2,220.010817915847,6179.0,3281.8,118.43462331598813,3298.0,0.3098727597191345,0.01787488837023535,0.3077231245788231,525137.0349261619,14471.161534466833,526335.8776247352,637.3761022558808,8.120877194146813,634.5269073936233,52.17851503253066,1.729459788309888,52.23080232455189,2320.5,499.5820753389777,2363.5,7808.4,51.63370991900543,7802.5,3211.1,430.6735306470552,3116.0,1038.6,499.2540836087373,1184.5,5063.8,77.6103085936398,5075.0,5204.9,57.35930613248386,5206.5,139.1,0.8306623862918076,139.0,43.60135072497651,5.138119606295624,44.94733156240545,3.9,0.3,4.0,93.838100615,32.65220690313956,96.54765972000001,44.235704852354694,15.392397947944117,45.5130032638022,3.0,0.0,3.0,10
msd_ag_nsga2,uav_3_remote_hotspot_id04,uav_3,remote_hotspot,1231632.5707909171,190804.93846594263,1205396.6073138895,0.22086354423975701,0.01502930559296417,0.2163630227271885,775.1469503960957,55.65912701246697,783.1487057228328,66.6606453017972,2.296454023412443,66.3129192466082,0.7021064165356246,0.02110149561775226,0.7042741773222954,0.03100459496542901,0.01098615769666459,0.02854351142966121,1.0,0.0,1.0,31.0,35.13687521678614,11.0,868.0,0.0,868.0,5817.3,272.1371161749165,5900.5,3082.5,82.858011079195,3085.0,0.3162548499974905,0.011471769904801235,0.3195193243338401,510559.939563407,17769.902680706145,505176.2095225872,660.3139684200122,9.915755264443728,658.513005818844,52.44384464893518,1.2112575955806668,52.43843379881504,3091.7,560.5247630569055,3022.5,7814.9,68.2487362520362,7822.5,3748.6,462.8447255829972,3627.5,2099.4,842.5847375783636,1969.0,5054.5,83.99791664083104,5048.0,5257.6,90.56401051190258,5248.5,137.7,2.491987158875422,138.5,55.2743547584163,8.323545218667105,54.013984958059154,3.8,0.39999999999999997,4.0,65.499311807,41.034472120367134,84.155333445,30.876671694521196,19.343835665814616,39.671204634649705,3.0,0.0,3.0,10
msd_ag_nsga2,uav_3_remote_hotspot_id05,uav_3,remote_hotspot,1099779.6858473958,196998.54592185075,1044836.5836650559,0.16448761115322302,0.01241368128964991,0.1629654548284362,781.6805059670286,40.98992560869555,780.6161947385078,66.48546457697502,1.1690245617874464,66.70916788358291,0.7212973668446798,0.027129793695506985,0.7195591274575146,0.025740257679642782,0.012223058412044114,0.02048163388655748,1.0,0.0,1.0,19.8,15.445387661046258,17.0,868.0,0.0,868.0,5885.1,404.2356862029873,5997.5,2705.8,150.04652611773457,2724.0,0.2711844752727551,0.016400464977705424,0.26353918723064385,525454.8515019623,19266.059889354692,526560.6451556429,677.0149213285147,6.0636138090842095,676.474422876479,55.014322636688725,0.8649011312873753,54.80500655880126,2661.3,522.1836937323876,2628.0,7835.2,61.65679200217929,7823.5,2883.3,263.89090548937077,2823.5,1553.8,642.3592141473491,1288.0,4939.8,100.95325651012949,4957.5,5171.2,82.05461595790939,5174.5,137.0,2.3664319132398464,138.0,49.822913037380204,5.320617560243255,48.13109458354302,3.8,0.6,4.0,36.459415132,33.689638010087094,22.573470165000003,16.734667793156166,15.164504892271198,10.641235885722477,3.0,0.0,3.0,10
msd_ag_nsga2,uav_3_remote_hotspot_id06,uav_3,remote_hotspot,1168544.4986222803,131407.84458563407,1199089.923080337,0.19511750572397527,0.01157410569193492,0.19751054223549208,844.1896687521846,9.4449697361051,844.4828963781016,70.64190644708232,1.0931101166697457,70.43133053893399,0.700121831664734,0.02760999842151371,0.7090502833960841,0.029909209755979816,0.013176830881396097,0.025210097553077786,1.0,0.0,1.0,28.1,15.801582199260933,27.5,868.0,0.0,868.0,4905.5,441.1410772077341,5011.0,2388.8,253.1137293787123,2497.0,0.24899352358526916,0.018424668851187643,0.2497214247676876,624356.1955853503,35554.69398125519,614282.3522229549,727.7379262392744,14.20680698584236,726.9928318119015,63.26747879048626,1.1810009795386314,63.14907665419213,2468.3,530.1398023163324,2345.5,7797.4,66.41566080375922,7814.0,2840.4,328.1762331431086,2827.5,1313.4,602.898200362217,1136.0,5091.9,51.11643571298766,5089.5,5233.4,55.891323119067415,5222.0,121.3,19.214838016491317,131.5,50.417756995675155,5.53659399452777,48.703975666547194,4.0,0.0,4.0,89.341306203,13.393661507755358,83.08960714999998,42.11589563747003,6.313832584700701,39.168816441260816,3.0,0.0,3.0,10
msd_ag_nsga2,uav_3_remote_hotspot_id07,uav_3,remote_hotspot,1905304.1895774815,250744.6705709668,1833573.7418644421,0.19211278503342616,0.029291435943787244,0.18562719881662593,800.514470798497,30.475269333709555,808.2062061991815,68.60256950799874,2.2217997332545805,68.91170014783393,0.5955678736563623,0.0222083910401493,0.5944433579602799,0.0276144979435368,0.011804782293060445,0.027597711374138266,1.0,0.0,1.0,6.9,10.444615837837215,2.5,868.0,0.0,868.0,6551.9,214.06562078017106,6564.5,2791.3,104.19697692351731,2800.5,0.3293003353618648,0.01584525209819914,0.32423757904566375,498247.5806915962,25042.265153469507,496386.88676385174,619.0893916282629,7.131793084055231,616.4776897136769,52.89459744388631,1.0808199219298704,53.208891486688735,3619.2,431.43778230470264,3745.0,7732.5,81.91367407215965,7716.0,4094.3,329.0522906773329,4052.0,2137.0,663.5332697009246,2056.0,5080.8,45.08613977709779,5072.0,5213.1,46.02053889297691,5213.5,139.7,0.45825756949558394,140.0,55.97426160816103,6.6831411625393065,57.09319656190928,4.0,0.0,4.0,114.50441432700002,17.25561645485172,116.68327311000002,53.97789856427719,8.134375605853217,55.00502244474863,3.0,0.0,3.0,10
msd_ag_nsga2,uav_3_remote_hotspot_id08,uav_3,remote_hotspot,1091849.3248566028,209588.33942013182,976983.1947975121,0.21350545060221574,0.01890428579959481,0.21317524501607776,730.9310587518703,41.88990931536913,727.9702737920136,66.65855655961718,1.8718222090944678,66.8948188885546,0.7028738269458461,0.030529436518099497,0.7117901312122697,0.03217567436428016,0.014192731966079751,0.027449351692084154,1.0,0.0,1.0,14.7,15.556670594957005,10.0,868.0,0.0,868.0,5827.2,598.225342157953,6121.0,2810.5,276.42150784626006,2833.0,0.33183390295255444,0.024052364301181958,0.3380800261108669,555987.8823735272,31602.919183060792,545907.2043732179,653.7491646706306,11.489836531793383,654.5480884478853,53.7606875039418,0.9924105561461205,53.96461849731491,2980.8,513.2404504713165,3098.0,7773.6,73.36102507462665,7775.0,3224.6,354.5989847701203,3300.0,1559.2,585.8257078688165,1713.0,4941.7,61.63124207737501,4931.5,5197.1,52.842123348707325,5193.0,138.0,2.0,138.5,50.3109219876118,4.868286700560061,51.18295039597433,3.4,0.48989794855663565,3.0,32.801952132000004,46.288186689858136,0.0,15.462988525795819,21.82046046481839,0.0,3.0,0.0,3.0,10
msd_ag_nsga2,uav_4_multi_hotspot_boundary_id01,uav_4,multi_hotspot_boundary,820678.867756725,43570.719488503164,829448.3198960754,0.3847793273706239,0.03077395373778758,0.3898907627189159,831.6566111452432,19.705028529487738,832.7304939290315,51.912437762657646,3.779556436494708,51.261189892439035,0.5711057350813359,0.022057206039252805,0.5672798765045317,0.04517104915046379,0.012980470022921619,0.04257477007164654,1.0,0.0,1.0,2.3,2.9,2.0,868.0,0.0,868.0,6687.0,229.37218663124787,6789.0,3407.3,119.92835361164599,3463.5,0.44800520171998637,0.016262733022059873,0.45034554014065886,485437.70148067904,26423.06860655015,486546.78254321084,754.7494077760921,10.00868348820009,754.4034815797918,40.488743768962436,1.6439563896822789,41.37946890404072,2125.2,535.7917132617861,2196.0,7824.0,49.01428363242699,7828.0,2158.3,544.8609088565631,2235.0,165.0,71.386273190299,151.5,4930.2,72.66470945376442,4913.5,5220.8,67.75071955337448,5214.0,139.6,0.4898979485566356,140.0,34.55193194176536,1.7492416617575688,34.49382622947451,4.0,0.0,4.0,1.7533831359999994,3.916630090604834,0.0,0.7592371691716123,1.695950577845167,0.0,4.0,0.0,4.0,10
msd_ag_nsga2,uav_4_multi_hotspot_boundary_id02,uav_4,multi_hotspot_boundary,853918.1894808079,55936.422911487505,864364.6327690148,0.4308420009932945,0.01628839252640567,0.4346371095305178,836.3936875238826,20.04252762718521,830.7875751352726,53.580251836674464,1.5665912454020035,53.55653033675043,0.5912698114822685,0.01549481400427124,0.5880813157083566,0.031724105652617754,0.006232233614128609,0.03191520910962301,1.0,0.0,1.0,0.2,0.6000000000000001,0.0,868.0,0.0,868.0,6843.5,179.2574963564983,6939.0,3420.9,30.3791046609343,3416.5,0.5003070423046756,0.020908377947420273,0.5009348067939556,445332.55185714026,29502.19538689065,445342.7681461004,732.5408192574625,3.525487509308577,733.4487830443202,42.76176498718512,1.170423682296086,42.72758834911218,1832.3,600.0536725993767,1998.0,7804.7,49.41265020214965,7811.0,1855.3,613.0314918501332,2014.0,212.1,118.43095034660492,200.0,4887.3,108.89999999999999,4854.5,5199.0,73.17103251970687,5178.0,139.1,1.2206555615733703,139.5,34.55017332911957,2.6786929353919584,35.09581333305687,4.0,0.0,4.0,1.6080804589999986,4.443697100345092,0.0,0.6963192644116696,1.9241772878110484,0.0,4.0,0.0,4.0,10
msd_ag_nsga2,uav_4_multi_hotspot_boundary_id03,uav_4,multi_hotspot_boundary,859884.9128296433,61711.168518446466,872225.2207242115,0.3649376897589897,0.025328103591713214,0.3581905534314095,853.2798315904496,24.171116524090035,848.0774729328709,57.12646100811994,1.891763660920995,57.27112007069044,0.6461074117058866,0.016021790850604307,0.6417850970603367,0.02889124002956598,0.006117251047196984,0.027603358282861125,1.0,0.0,1.0,4.1,5.3935146240647205,1.0,868.0,0.0,868.0,6207.9,367.041264710114,6154.0,3283.2,135.1597573244344,3289.0,0.4389140572078733,0.021566171807834426,0.44638874855118593,465255.97200266534,31420.456614428935,467553.98554022046,782.9429032502192,5.323795334243727,781.3463046502746,44.30664635989358,1.5953933746976714,44.309575726602155,3026.3,454.201948476666,3148.0,7796.0,77.02207475782511,7789.5,3119.7,477.35019639673345,3242.5,251.7,86.70530548934131,211.5,5019.7,70.97753165615158,5018.5,5220.3,39.66623249062104,5227.5,138.5,1.4317821063276353,139.0,40.33114610412158,1.225809958481892,40.5292374585988,4.0,0.0,4.0,17.27240035799999,14.102855836721826,28.78733392999999,7.4791687471817125,6.106715710255373,12.465281245302855,4.0,0.0,4.0,10
msd_ag_nsga2,uav_4_multi_hotspot_boundary_id04,uav_4,multi_hotspot_boundary,837360.3913443323,92920.73524630701,801080.8239729248,0.45503627566250165,0.03034730076142789,0.46519362248826934,848.0697444013309,22.685180855047,849.0845962706935,47.173158723954614,4.131422295418555,48.034651171541384,0.5617278551342676,0.024898463519109782,0.5579943285751623,0.05112930942054933,0.01755101020730224,0.0525189207386,1.0,0.0,1.0,0.0,0.0,0.0,868.0,0.0,868.0,6852.4,116.43298501713335,6893.0,3435.9,44.563325728675146,3461.0,0.5842462692059751,0.014987571130420443,0.578990623604511,451721.2312267376,18610.43862478086,455632.51425547915,773.4456104252365,3.8308571163944656,773.1314424778578,27.628810771276108,1.2036180924523545,27.464952020274943,2903.6,466.99854389494624,2903.5,7796.4,59.338351847687846,7808.0,2966.9,472.0367464509516,2954.0,718.4,173.66473447421615,671.0,5091.5,41.55297823261289,5102.5,5204.4,39.618682461687186,5201.5,139.4,0.8,140.0,40.82972632090095,2.5630676655441196,41.39833716710564,4.0,0.0,4.0,10.147601198999999,23.347453831294864,0.0,4.394040212903715,10.109744065792835,0.0,4.0,0.0,4.0,10
msd_ag_nsga2,uav_4_multi_hotspot_boundary_id05,uav_4,multi_hotspot_boundary,775105.4290784111,40706.45215628462,768489.5098865192,0.4364660822962095,0.018025304309460113,0.43283132901649435,829.2451358175258,31.71693089276756,826.0438837711135,47.956061354832855,2.760028084447352,47.14482651934898,0.6386880293505234,0.019653120747448384,0.6322523466406769,0.04401601042661465,0.01289855367086694,0.049944831094695705,1.0,0.0,1.0,0.5,1.2041594578792296,0.0,868.0,0.0,868.0,6811.0,104.12300418255325,6833.0,3446.7,29.020854570463634,3462.0,0.5219943170162987,0.02580622117300524,0.5091590818539713,466967.5278203861,25500.40712124028,469761.5091188289,725.3294146188557,7.47186344773799,723.8498117154174,36.234372897432664,1.1480807776420066,36.55318630109657,2080.2,340.3247860500319,2089.5,7757.9,51.923886603373596,7754.0,2108.2,341.90987116490214,2116.5,194.0,74.81978348003956,198.0,4987.4,74.58444878123052,4997.5,5208.7,49.106109599519286,5205.0,139.3,0.9,140.0,34.09510657910723,1.478013604026581,34.13823031249922,4.0,0.0,4.0,32.986271079,16.845646472509678,32.010828970000006,14.283474365266963,7.294378894182549,13.861095542109432,4.0,0.0,4.0,10
msd_ag_nsga2,uav_4_multi_hotspot_boundary_id06,uav_4,multi_hotspot_boundary,881203.4922692167,69499.5267308433,877272.6886517953,0.4927580345527988,0.0386914638423102,0.49325164188581,831.2635307711637,21.82463442483525,833.6856245996553,50.362524547227196,2.8777203993111358,50.209493165693516,0.6153140261646273,0.016800069662610263,0.6112243177063008,0.038355070158169156,0.009016515166633769,0.03758541733600812,1.0,0.0,1.0,0.6,1.4966629547095767,0.0,868.0,0.0,868.0,6812.2,109.30763925728155,6839.5,3426.3,47.32240484168149,3445.5,0.5523815994671191,0.01578920366278274,0.5515379378822738,471935.4299599536,30295.179922054947,470094.83704465174,706.0975291213975,6.031512020042044,704.4085570391524,40.95428189456051,1.401638747185904,41.70030939555453,2533.2,327.99567070313594,2620.0,7808.0,62.79171919927022,7820.0,2573.3,332.28573547475673,2666.0,477.2,149.9551933078678,453.5,4800.3,184.3741033876504,4819.0,5203.7,81.9671275573324,5181.0,139.4,0.66332495807108,139.5,37.69438044154085,1.8965691192031406,37.88320099946577,4.0,0.0,4.0,0.0,0.0,0.0,0.0,0.0,0.0,4.0,0.0,4.0,10
msd_ag_nsga2,uav_4_multi_hotspot_boundary_id07,uav_4,multi_hotspot_boundary,923383.9943589272,95657.20056903167,920577.4682556754,0.36218371529343607,0.016560868037190014,0.36235922079166677,884.1106995331181,27.61411508025693,885.3528939299115,61.162041862386594,2.419839232064369,62.001647017254285,0.6040319605139832,0.03247215126987549,0.5932340507279636,0.037048881501286976,0.010336682728218248,0.03551930642273148,1.0,0.0,1.0,5.2,6.079473661428265,2.0,868.0,0.0,868.0,6613.3,143.89305056186694,6641.5,3380.0,52.214940390658306,3381.0,0.42963825346530404,0.02803934147466881,0.42591208359732613,459556.35529664514,13289.741741909093,460064.7139466307,790.446530390576,11.82640727430795,789.7027111643209,53.984539063283776,2.1486159582159945,53.85915588015236,1850.6,556.2924051252182,1941.5,7775.3,67.40185457389136,7770.5,1871.6,562.6910697709712,1963.5,155.7,68.30380662891343,149.0,5123.5,63.31390052745132,5123.0,5228.0,70.4542404685481,5232.0,138.8,0.9797958971132712,139.0,36.64311832906678,2.077432657312456,36.659503645962104,4.0,0.0,4.0,0.0,0.0,0.0,0.0,0.0,0.0,4.0,0.0,4.0,10
msd_ag_nsga2,uav_4_multi_hotspot_boundary_id08,uav_4,multi_hotspot_boundary,808316.7399352064,71227.7685373945,814082.7891817216,0.40513862403695267,0.018936064965899533,0.40378943460528216,832.9626573833232,21.438964070891267,830.3545923546137,51.988718710596686,2.087922699162682,52.05613304960084,0.5847119569372465,0.05312364621068875,0.5693875426908566,0.06268060425865542,0.023324728545066634,0.07219214141611155,1.0,0.0,1.0,1.6,4.476605857119878,0.0,868.0,0.0,868.0,6715.6,145.59203274904846,6764.5,3390.3,54.31031209632292,3392.0,0.49473266400356863,0.024792133241752622,0.491903044809877,495764.8662447785,24265.188383850586,496016.0239236779,729.6236140498005,32.13576344002542,739.9709441393585,40.589968706622,2.2140104338534843,39.81305526385174,2894.7,536.3333012222904,2839.5,7823.9,107.15918066129471,7789.5,2962.0,566.5294343632994,2901.0,311.8,140.13193783003217,294.0,5032.4,68.3874257447961,5019.0,5222.5,51.815538210077484,5233.0,138.9,1.3,139.0,38.76250426252373,2.2435683425067814,38.60682933346834,4.0,0.0,4.0,36.80044341599999,21.275938834680783,40.562004474999995,15.935059434393892,9.212751760098723,17.56386315188404,4.0,0.0,4.0,10
msd_ag_nsga2,uav_4_remote_hotspot_id01,uav_4,remote_hotspot,1226243.9590663011,333328.5543139455,1123131.7885840714,0.17303974941590836,0.014391826245234352,0.17697581718749472,826.3746443758919,46.16321863455147,824.8970197646335,69.66350486026221,2.4425404702975873,69.65667814487159,0.7198579193303404,0.020786230450955914,0.7267951183408801,0.025783802060910695,0.013228091972288051,0.022665826436093,1.0,0.0,1.0,0.9,0.9433981132056605,1.0,868.0,0.0,868.0,6762.1,122.99548772211115,6804.5,3048.9,100.47532035281102,3052.5,0.2866727926388855,0.010339868560056123,0.2830473546265993,476432.3463686031,26175.401238707425,468092.88826068956,713.8323606313213,4.858505653663494,714.0922556350476,55.806771964305426,0.9322341226230803,56.03313222308179,4590.7,353.126053980728,4446.0,7816.7,75.217085824964,7790.5,5299.6,332.7317838740387,5213.5,1695.3,434.0983874653303,1660.0,5012.8,41.15774532211404,5016.0,5206.5,55.12939324897382,5213.0,139.3,1.004987562112089,140.0,61.81643391246907,5.882594666191367,61.78714341646992,4.5,0.5,4.5,50.564611863,53.611552837100724,43.13521481500001,21.810400050223855,23.081149578341897,18.678095913744443,4.0,0.0,4.0,10
msd_ag_nsga2,uav_4_remote_hotspot_id02,uav_4,remote_hotspot,2047493.875006885,294945.05149127304,1997750.924289667,0.12112281686337045,0.015145637959577567,0.12413956021271155,987.7434428714881,55.25825867434974,988.8339056345367,73.39135467291605,2.5006538990053144,73.79289135862457,0.6036838114054256,0.016175618036565455,0.604500133757975,0.028389218437900654,0.008666937917333903,0.02676177845214324,1.0,0.0,1.0,4.4,4.24735211631906,3.0,868.0,0.0,868.0,6706.6,291.96958745732405,6791.0,2410.4,237.97403219679242,2523.0,0.2723296199937614,0.027816142286105273,0.2708061172086892,493382.8445063508,37146.93858963335,483311.220391281,788.759520022923,14.055009885017316,786.8155789318716,58.439461432938494,1.3757932332011946,58.38771377818034,4890.1,529.2931985204419,4997.0,7858.1,71.1638250798817,7835.0,5329.2,571.2948100586947,5470.0,2051.8,651.8455031677368,2080.5,5124.9,52.14105867739933,5111.5,5270.8,63.249980237151064,5251.0,138.8,2.0396078054371136,139.5,70.28603603742086,9.912269429409266,70.26645799994003,5.1,0.3,5.0,94.95107002000002,13.97381253894043,88.60937090000002,41.069417523506985,5.937598570562546,38.3689831063788,4.0,0.0,4.0,10
msd_ag_nsga2,uav_4_remote_hotspot_id03,uav_4,remote_hotspot,974369.6849026004,94602.16046861722,996114.8113116152,0.14892416603860337,0.013920230936548062,0.1480166949194649,948.6896039803157,36.308547588330356,948.6694648475311,72.3046972809168,1.2946306724926229,71.89936562429017,0.7505951115242057,0.017514309653539294,0.7485308361368724,0.030320982003728007,0.011418347319975063,0.027486646873979167,1.0,0.0,1.0,3.7,4.450842616853578,3.0,868.0,0.0,868.0,6668.4,150.98357526565596,6735.5,2750.2,131.0158769004734,2739.5,0.2660398506394571,0.024509675641769403,0.2605331751819819,443195.53455146373,24051.052561794884,443887.91204835597,842.4293688079588,13.99938914781775,838.5829927422312,65.50787341498474,1.3089451100467873,65.73502237027984,3864.7,739.5201214301069,3889.0,7850.8,60.15114296503434,7852.5,4384.2,827.8857167508086,4459.5,1697.5,672.030988868817,1530.0,5062.9,78.59955470611777,5036.0,5204.1,73.28908513550978,5200.5,138.7,1.9519221295943132,139.0,63.779640399897474,11.551275361634492,60.49788202054333,4.0,0.0,4.0,0.0,0.0,0.0,0.0,0.0,0.0,4.0,0.0,4.0,10
msd_ag_nsga2,uav_4_remote_hotspot_id04,uav_4,remote_hotspot,1148585.7736788322,215776.09174515583,1073367.2404033553,0.14740277762615336,0.016434578680050344,0.15182475742675933,911.3663921725744,45.674183586183446,890.8707011743736,68.55656149294437,1.743466600942667,69.1324843616832,0.5933424190556307,0.02484203341662734,0.5949722954569141,0.033864942269180645,0.012532636698526405,0.032892584325335344,1.0,0.0,1.0,3.3,3.661966684720111,1.5,868.0,0.0,868.0,6621.8,270.743347102011,6725.5,3243.1,92.6676318894575,3249.5,0.2620762374463368,0.015771884825974216,0.2636734722509688,458044.24419323134,18200.222942573062,466557.3037275903,801.6709120375276,26.460236871742442,809.5592909029186,54.64684068163243,0.9608858297055521,54.61193083464931,4346.4,581.3228362966656,4525.5,7789.5,97.25764751421865,7788.0,4986.0,620.5853688252729,5128.0,1235.3,363.2817226341012,1289.5,5006.8,68.60583065600183,5036.0,5162.2,50.71055117034324,5161.0,139.3,1.4866068747318506,140.0,56.32997888335958,5.0394126239517,55.54606527101714,4.2,0.39999999999999997,4.0,28.514405659999994,57.67589179261132,0.0,11.557914938833658,23.199271269918537,0.0,4.0,0.0,4.0,10
msd_ag_nsga2,uav_4_remote_hotspot_id05,uav_4,remote_hotspot,2155722.9543306762,344381.0158966872,2068503.381359532,0.14675510369029668,0.030562813917893294,0.14390651877050786,1023.6448403449965,36.222229641938135,1019.9856367340642,66.04636477380213,3.5631684599950493,66.97617759560347,0.5732891039534052,0.018265895659740405,0.5718012530913146,0.028937407331319765,0.009166097258390881,0.02628506429528069,1.0,0.0,1.0,6.1,10.084145972763386,0.0,868.0,0.0,868.0,6671.1,104.01870024183152,6681.5,2801.0,145.5458690585205,2795.0,0.3338306857522807,0.02728781562844846,0.34140862232587227,479977.48894862784,25720.45553590392,481419.3538041696,778.164674766598,6.643655809403536,779.1643787025675,45.260923608557434,1.3628067695652286,45.27444544744243,5121.3,132.0954579082869,5128.0,7830.2,78.45992607694707,7810.5,5729.5,150.53853327304606,5703.0,2321.6,399.09026547887635,2278.0,5087.8,78.87306257525442,5108.5,5194.6,79.44960666988855,5218.5,139.2,1.469693845669907,140.0,76.16220494138543,7.054480960000375,73.83944516594056,5.0,0.0,5.0,131.29660712,20.300772785238692,124.38083338000001,56.8530985983124,8.790492474236242,53.85848072547975,4.0,0.0,4.0,10
msd_ag_nsga2,uav_4_remote_hotspot_id06,uav_4,remote_hotspot,1404258.7835976148,309386.97805961437,1477389.6540829286,0.15729700831650822,0.03188407574791298,0.15164821612233748,1024.5024793017249,35.11571269658805,1031.6249196670567,71.76934549358981,2.6674477097441094,71.86467843468174,0.6653799868101105,0.022251253013122,0.663115265429078,0.03509772901400414,0.009637142641582816,0.03657201221145181,1.0,0.0,1.0,14.2,17.825823964125753,4.0,868.0,0.0,868.0,6466.6,316.9470618257882,6517.5,3055.3,143.3771599662931,3074.0,0.29633064992936065,0.022166848326205323,0.2925578207030075,539531.9418731726,33094.37279278868,544860.8398042289,809.5888238644479,6.16657860920172,811.5464612125354,59.73024223215408,1.215066601814065,59.57853564414802,5118.1,197.62158282940658,5164.5,7822.7,60.27445561761632,7845.0,5768.9,223.1109365315829,5856.5,1903.8,371.9327358542133,1863.0,4937.6,95.96791130372694,4962.5,5186.5,69.86594306241061,5197.5,139.4,0.8,140.0,67.14142658745405,5.058227865945124,66.36237862508278,4.7,0.45825756949558405,5.0,87.22081397,57.321469780161664,124.30696402999999,37.76772031838832,24.820924505941,53.826494358649214,4.0,0.0,4.0,10
msd_ag_nsga2,uav_4_remote_hotspot_id07,uav_4,remote_hotspot,2012570.466607,357463.1686153969,2032302.6035176788,0.14006867037853582,0.02736823332927401,0.13476686386340497,1022.3965658202135,58.412475651979136,1042.4932723636618,72.8281526393504,3.4244960330366996,74.25689170123262,0.6223356121387411,0.023540243072908883,0.6247984978425218,0.0328878839637196,0.012993983791330679,0.033408176906324985,1.0,0.0,1.0,3.1,3.961060464067672,2.0,868.0,0.0,868.0,6745.4,144.96910015586081,6740.5,2579.5,177.11140561804595,2625.0,0.2731946684964729,0.026378951348654974,0.261228825467113,506489.5763280634,37034.72968489012,520607.6801963176,806.222832720098,13.338869378231262,805.0407121279181,59.79086351420813,1.433965117734923,59.86756698570373,5068.8,198.46702496888494,5043.0,7770.9,31.210414928353647,7773.5,5812.5,216.08667242567273,5826.0,2230.5,787.9927981904403,2452.0,5129.8,62.20578751209569,5124.5,5217.3,69.51266071731106,5216.5,139.8,0.4,140.0,74.32888282933273,10.463046658784647,76.5152110834606,5.4,0.4898979485566356,5.0,158.546323396,55.702211320409916,157.606897605,65.88448492424511,20.622595773811284,68.2457885687914,4.0,0.0,4.0,10
msd_ag_nsga2,uav_4_remote_hotspot_id08,uav_4,remote_hotspot,1058813.983936299,53333.43358279368,1061249.660658815,0.24845459692556643,0.011641843470498129,0.24906814417793288,826.0311441188887,21.050427844928013,825.6240665549117,67.60373585572795,0.5322591443799467,67.68312784037607,0.6859234700521738,0.00971940018716475,0.6898609334062172,0.02303595342669792,0.006927443477041197,0.021579859372075044,1.0,0.0,1.0,1.6,2.90516780926679,0.0,868.0,0.0,868.0,6851.3,195.50194372435277,6921.5,3298.9,91.62581513962098,3327.0,0.3752827422838455,0.01247986164070311,0.37528674169284026,489105.98120788566,24550.083202784856,482705.47320989193,779.3670714972915,6.209341571573241,778.2472158494704,53.19576055572967,0.599358617335354,53.037799188145776,4543.2,516.2394405699742,4662.5,7853.5,76.68670028107873,7881.0,5390.3,450.40960247312665,5480.0,1349.5,481.8122559669897,1377.0,4889.8,57.08204621419944,4894.0,5192.3,54.3231994639491,5195.5,139.7,0.45825756949558405,140.0,57.49219072062988,6.423179767105016,58.61339264549315,4.0,0.0,4.0,0.0,0.0,0.0,0.0,0.0,0.0,4.0,0.0,4.0,10
msd_ag_nsga2,uav_5_multi_hotspot_boundary_id01,uav_5,multi_hotspot_boundary,776788.418429774,62896.28101935344,755323.0065950493,0.47289871628812274,0.027111375584854058,0.46662707458170816,963.0669766286028,36.03859115375184,958.3081627885533,43.17303956046958,3.0818998932668142,43.147919807819655,0.4997807792097757,0.05083047069768768,0.4904041268250617,0.08058435316121908,0.03156602901127447,0.0878164382799816,1.0,0.0,1.0,17.2,15.111584959890873,13.5,868.0,0.0,868.0,6622.9,204.66873234571028,6661.5,3469.0,3.3166247903554,3470.5,0.5507996305871743,0.01566506247447541,0.5480773266194754,456584.03020035906,21001.115714351603,452802.17922284635,836.7369509720032,45.64300022942802,849.7043568480846,31.23540015285506,1.4645221925611884,31.59674786871904,3527.8,422.9127096695014,3632.0,7793.2,93.11261998247069,7798.0,3737.1,530.82623333818,3759.0,316.5,136.52783598958857,328.5,4901.9,100.29302069436336,4878.0,5193.3,56.77860512552241,5185.0,138.6,1.8,139.0,40.18345472069923,2.480214238561086,39.948881083051674,4.8,0.39999999999999997,5.0,72.953430381,44.71174434152334,71.9716651,29.645639779018495,17.768098701109448,29.876098205382753,4.8,0.39999999999999997,5.0,10
msd_ag_nsga2,uav_5_multi_hotspot_boundary_id02,uav_5,multi_hotspot_boundary,823637.25781957,48100.80328682884,814324.731381088,0.6085202322628661,0.06129439960360432,0.6253285890693177,996.5788356853976,34.50716215250135,1004.5499762657842,39.39569118847317,3.1321388744454453,39.45950868511214,0.6235395619716206,0.012449719195424468,0.6208635164972482,0.037219915762610425,0.007505943665787447,0.03739658255734722,1.0,0.0,1.0,2.5,4.883646178829912,0.0,868.0,0.0,868.0,6819.3,123.67865620227283,6875.5,3452.4,21.256528408938273,3459.0,0.6816739604606261,0.014313696826328224,0.6793827452431732,474305.10179141845,15348.61556397706,476028.93547476386,856.3813638119988,5.702611735432049,858.3692960777844,28.825268652730802,1.9289247503290046,28.812042434723466,2943.5,327.07101675324276,2778.0,7778.1,70.91466703017085,7764.0,2960.1,332.9740079946181,2787.5,385.6,119.36766731405955,373.0,5013.9,55.741277344531674,5003.0,5197.7,32.46552017140647,5201.0,139.8,0.4,140.0,39.289742249925624,1.9082985782518234,38.908693729084916,5.0,0.0,5.0,24.626333468,37.63143121741202,0.0,9.893569050978522,15.131512854892096,0.0,5.0,0.0,5.0,10
msd_ag_nsga2,uav_5_multi_hotspot_boundary_id03,uav_5,multi_hotspot_boundary,793292.5661224573,40119.7661135582,794644.2820583106,0.44543094036835723,0.04440886673602231,0.4562767787071027,931.7271513857077,35.187972956300726,939.0666945916106,45.15255588500046,2.890939215389469,44.75437977397689,0.5515086294026585,0.03413005541363835,0.537148462398245,0.05484479289360587,0.022339432473732334,0.05616364012992211,1.0,0.0,1.0,0.4,0.8000000000000002,0.0,868.0,0.0,868.0,6866.7,60.834283097608704,6876.5,3452.5,24.98099277450758,3466.0,0.5679640274066091,0.03142633230505063,0.5695023783351265,453274.20919259015,25263.203499473973,450112.08055655065,849.5298385128441,22.07718605887255,855.3811507819278,28.008855561398878,1.7071613270049986,28.272185338802693,2914.7,713.9486045927956,2842.5,7736.5,107.6951716652144,7691.0,3037.1,739.3662759417689,2881.5,263.9,187.15098183017903,190.0,4775.2,181.26544072161136,4810.0,5212.6,92.67923176202962,5179.0,139.1,1.2206555615733703,139.5,36.60629665020387,3.5735942197815773,37.041155437007546,4.9,0.3,5.0,58.31957049500001,36.81853295968297,65.63826423,23.892715807175303,15.038912895118447,25.978744350544453,4.9,0.3,5.0,10
msd_ag_nsga2,uav_5_multi_hotspot_boundary_id04,uav_5,multi_hotspot_boundary,859767.8628342552,77621.90071723786,848210.4826912333,0.36106322073126484,0.023363189944508554,0.36054989026628076,972.7497596183364,45.94367898161768,979.2235732309762,58.55980619213553,2.8042044611522305,58.659292838405456,0.6241342541471704,0.05128006031868628,0.6064261440347734,0.052182523478831,0.016188112980958427,0.05087707874667671,1.0,0.0,1.0,3.9,4.253234063627347,2.0,868.0,0.0,868.0,6487.9,335.6877864921511,6623.5,3250.9,107.98467483860846,3268.5,0.4404663148570388,0.010417179873212406,0.44303006901452124,463509.3715567736,22521.17261091034,472921.95527391555,860.8268978214983,43.14417837885453,881.6990045105098,44.660246188284376,1.2257004150867092,44.805224036672016,3219.1,518.8933320057215,3166.0,7795.7,79.76722384538652,7817.0,3344.9,580.4004565814881,3366.5,191.1,111.76175553381397,138.0,4999.3,91.22943603903292,5018.0,5211.4,80.38557084452408,5225.5,139.3,0.7810249675906654,139.5,41.40230827084743,1.7650645867157684,40.69188706250861,4.6,0.4898979485566356,5.0,35.749017214,24.707200971926067,22.93734391999999,14.548727907286429,9.83098754399551,9.932161265030265,4.6,0.4898979485566356,5.0,10
msd_ag_nsga2,uav_5_multi_hotspot_boundary_id05,uav_5,multi_hotspot_boundary,914611.2844176693,76258.75345569459,899242.3051561543,0.39357300689201463,0.0369738994161546,0.3789551564397563,1002.601255358232,16.640523846536393,999.4299870304502,52.784629723704164,1.7452082586118016,53.09098814478497,0.5968070030669709,0.02107395763258447,0.5998774774908981,0.045842334564083605,0.015743984710852563,0.04480213654301844,1.0,0.0,1.0,0.9,1.044030650891055,0.5,868.0,0.0,868.0,6699.1,224.86905078289453,6769.0,3425.0,35.24485778095863,3426.0,0.4938646421845162,0.018790497223273552,0.4938078279169831,480944.7958931206,24938.326346281487,487461.32843238907,897.2411747779357,9.729449635390353,901.4411191717082,35.67058312075044,1.554187387086763,35.39561465457379,2831.1,495.9835581952289,2838.0,7785.6,89.63392215004318,7782.5,2876.1,517.0666204658738,2886.5,280.5,75.62043374644183,313.0,4933.9,98.21349194484432,4959.0,5191.6,67.73064299118974,5191.0,139.4,0.8,140.0,40.439003753988075,1.991015085641693,40.65089377050754,5.0,0.0,5.0,31.427099046000002,32.7599061718284,18.354566590000005,12.570839618399997,13.10396246873136,7.341826636000001,5.0,0.0,5.0,10
msd_ag_nsga2,uav_5_multi_hotspot_boundary_id06,uav_5,multi_hotspot_boundary,939710.8290193236,116251.98146295056,961303.4714879466,0.3610463338796621,0.026221842126443864,0.3621771826852784,1039.1975320510496,52.88451046008943,1041.8465484616636,51.43194267513887,3.687244920839709,51.2376602424362,0.6723086015904013,0.04035034271694766,0.6493571354432267,0.04714505324394891,0.016611148475022066,0.05243199596860221,1.0,0.0,1.0,0.2,0.6000000000000001,0.0,868.0,0.0,868.0,6832.4,191.02313995953475,6902.0,3378.8,54.05145696463695,3384.5,0.4264447457536168,0.017377153584078018,0.42706890789251106,455699.0461737561,22161.643013957946,454486.06000834645,935.0134652898389,46.91297502593507,952.9415795561183,40.739451053141565,1.8042068869515806,41.00797555227,3258.5,655.1206377454461,3339.0,7820.5,81.21853236792697,7833.0,3337.6,668.402453616083,3404.0,261.2,84.09375719992538,249.0,4966.1,90.18919003960508,4967.5,5194.7,59.44417549264183,5183.5,139.4,0.8,140.0,42.76227847093251,2.5469293548418492,43.118683833046816,4.8,0.39999999999999997,5.0,11.051281211,25.49242143547489,0.0,4.4205124844000006,10.196968574189958,0.0,4.8,0.39999999999999997,5.0,10
msd_ag_nsga2,uav_5_multi_hotspot_boundary_id07,uav_5,multi_hotspot_boundary,794171.4993367733,41637.37531998978,807594.9287513397,0.4468971139949292,0.023146922644564364,0.4473959130260391,956.0833957306311,24.384068161685462,956.2282722273449,42.99966533120962,3.137375653411612,42.52480098162707,0.6473473021622813,0.022567465656551294,0.6373884806935037,0.044574854761292734,0.01778948791614515,0.050140015568494525,1.0,0.0,1.0,3.7,3.2264531609803355,3.0,868.0,0.0,868.0,6641.4,367.49291149626276,6793.0,3438.2,32.7865826215542,3449.5,0.5726838729173891,0.028833290366199582,0.5720091180264686,459599.3417087871,28767.323255501036,464690.1102291357,854.1486583017671,17.95988538922904,854.1909964008616,29.3430538710004,1.5997986615162183,29.583575399638658,3060.6,746.5541105639966,3028.0,7776.0,55.9124315336044,7770.5,3252.6,897.9494640568588,3090.0,132.8,114.28280710588099,101.0,4988.7,98.98893877600669,5028.0,5203.4,67.88107247237627,5213.0,139.5,0.6708203932499369,140.0,37.83203837068286,1.6003118229431483,37.90597064548638,5.0,0.0,5.0,78.938306525,27.189371917088945,86.02092680000001,32.128062213860616,11.449965083960631,33.63000260935747,5.0,0.0,5.0,10
msd_ag_nsga2,uav_5_multi_hotspot_boundary_id08,uav_5,multi_hotspot_boundary,866702.8211715638,73587.87203262154,868926.5569960015,0.48987773431624887,0.055435745616376424,0.47514659445580243,938.2403472803926,56.044379929995806,953.8082927852812,45.03685292081873,2.927228242565025,44.652317734977146,0.54135861927972,0.05258276991575185,0.5327038657660084,0.07871913456250104,0.032705798602464003,0.08390140106953937,1.0,0.0,1.0,3.4,6.945502141674136,1.5,868.0,0.0,868.0,6889.6,45.510877820582635,6888.0,3453.1,29.52100946783494,3468.0,0.599217797600218,0.021205873823333145,0.6008014855913374,469499.4589482808,31416.67484425197,477755.1326536485,821.9111106670607,34.04471516766975,838.8377592732464,27.46879480498538,2.002277287911631,26.694080305215525,2007.2,301.76706248363155,1960.0,7786.8,36.03831294608558,7785.5,2051.9,333.2771969397246,2001.5,78.5,43.52068473726028,80.0,5037.6,54.03184246349554,5028.5,5189.6,24.40983408382777,5187.0,138.9,1.0440306508910548,139.0,34.696023195818995,1.511045304336625,34.445571354124695,4.7,0.45825756949558405,5.0,27.739392422,34.946497249156856,9.959967755000008,11.520457127763956,14.290216764437,4.312792548351935,4.7,0.45825756949558405,5.0,10
msd_ag_nsga2,uav_5_remote_hotspot_id01,uav_5,remote_hotspot,1130770.102536164,103181.2396547616,1157281.6706774053,0.27352508655080354,0.02699084799294818,0.27321146725527157,1012.2727039976517,33.59893836916038,1016.6346633327205,58.26179890099367,2.088598198001738,58.10170768377316,0.6621977714305607,0.041086303528649636,0.6511531187745663,0.044396616005248975,0.018696896425470573,0.045538551419169945,1.0,0.0,1.0,2.8,3.3704599092705436,1.5,868.0,0.0,868.0,6843.6,105.33109702267417,6889.0,3376.0,42.24926034855522,3375.5,0.3489779565809098,0.02211905096026148,0.3415637176598245,475713.34623957414,28140.47870814232,472405.6598679051,912.0774364906567,43.12139623196335,930.04593663184,46.30139029601046,1.2730538111393777,45.87832694630198,3676.9,622.837129593283,3637.5,7814.1,77.87997175140731,7793.0,3881.7,680.2289394020222,3790.0,823.3,284.0042429260521,894.5,5014.1,97.5565989567082,5003.0,5196.8,80.44724979761583,5201.0,139.4,1.019803902718557,140.0,52.251666778931394,5.759444534402558,53.41392402094789,4.9,0.3,5.0,19.477902138,33.91413047709064,0.0,7.7911608552,13.565652190836255,0.0,4.9,0.3,5.0,10
msd_ag_nsga2,uav_5_remote_hotspot_id02,uav_5,remote_hotspot,1078386.944251386,48710.96643982599,1083727.73884677,0.21937008306129777,0.018435887097755902,0.21957586795939527,1062.5872459721118,13.94375706472563,1061.8883204315996,69.09418152694268,1.0589459212992551,69.15905985685868,0.6765425906789947,0.0290197406316841,0.6701514192628722,0.03878227639047147,0.014370342315139834,0.03750170317900005,1.0,0.0,1.0,1.0,1.0,1.0,868.0,0.0,868.0,6725.8,116.3295319340708,6783.5,3146.3,35.37527385053012,3135.0,0.2646396411637261,0.008914860614716955,0.2680436436356026,531434.669289829,23611.438214381593,526520.1805988121,977.9128143545025,16.28791345518302,982.294741954066,61.85711861940753,1.1585920086835286,61.44690985922985,3768.1,822.0103953113975,3980.5,7752.8,54.589009882942555,7768.0,3991.4,869.6248846485478,4273.0,780.8,249.8190545174647,836.5,4960.2,57.59652767311585,4971.5,5220.4,61.45762767956472,5226.5,139.0,1.0,139.0,52.71511457893066,5.2451331607424185,54.116731624584645,5.0,0.0,5.0,0.6918959680000001,2.075687904,0.0,0.2767583872,0.8302751615999999,0.0,5.0,0.0,5.0,10
msd_ag_nsga2,uav_5_remote_hotspot_id03,uav_5,remote_hotspot,1799447.470782075,217044.4701295807,1758301.9202372553,0.15136234468065296,0.018192920031212235,0.14549752841782537,1152.2367414427645,32.16277388861495,1148.5538832091693,67.15779091957697,2.0878291131565527,66.86481916794071,0.6382784408524718,0.015125598515836372,0.6301010975432102,0.02836089696003357,0.0072930992122588485,0.031203644330872977,1.0,0.0,1.0,0.3,0.45825756949558405,0.0,868.0,0.0,868.0,6915.9,21.38901587263893,6920.5,2926.2,112.38754379378526,2915.5,0.2706844828403701,0.033657311367491526,0.2659856102523336,511232.2310502562,22974.197121280875,511895.2275130969,947.9869448963706,10.045017716957744,948.8752783607902,47.48861306641035,1.0525812943417434,47.507436817496405,5603.2,269.85247821726597,5659.5,7803.7,83.2454803577948,7798.5,5977.2,288.4963777935522,6029.0,2211.3,432.51567601648844,2276.5,5079.0,31.811947441173732,5077.0,5173.1,26.70748958625651,5180.0,139.8,0.4,140.0,76.70461047908756,14.669524099171868,78.52546002098825,6.0,0.0,6.0,111.40860744000001,25.851216358105123,103.74936117000001,44.326439564334386,10.281676262910166,41.499744468,5.0,0.0,5.0,10
msd_ag_nsga2,uav_5_remote_hotspot_id04,uav_5,remote_hotspot,1147606.929192663,79768.07726098054,1143238.605388313,0.27970350623130424,0.020139203955692637,0.2804553811986126,1090.010185460255,39.47280386899532,1079.1520160474233,61.55416099263332,1.4839857705025845,61.51553983528946,0.737615901995307,0.02611562687549582,0.7353064093633914,0.026971394673234096,0.010342985139746089,0.027825451410094168,1.0,0.0,1.0,1.4,2.576819745345025,0.0,868.0,0.0,868.0,6841.4,65.29961715048564,6836.5,3332.6,64.18286375661341,3333.5,0.33695641094646345,0.012768495601016533,0.33872101447467995,517343.9058832488,19253.394180554547,515477.96903494664,993.8743576321665,11.326356189935888,998.1791450737398,51.779126368975426,0.5660716608682477,51.736535709231404,4499.2,848.1746046658081,4720.0,7755.1,66.62799711832857,7757.5,4920.0,914.1335788603326,5170.0,1237.4,408.59765050719517,1358.5,4891.6,106.03037300698324,4895.5,5191.0,66.55223512399866,5177.0,137.4,5.986651818838307,140.0,61.482769287610424,8.337951056220929,62.276075478992425,5.0,0.0,5.0,13.829096809000001,14.421966346406235,11.666942120000002,5.5316387236,5.768786538562495,4.6667768480000005,5.0,0.0,5.0,10
msd_ag_nsga2,uav_5_remote_hotspot_id05,uav_5,remote_hotspot,971377.5813439023,144765.50696634443,933817.4022941433,0.1763450453533723,0.005535687086303609,0.17631519315795552,1112.6261354296357,43.670302666914665,1104.8528534723928,63.20893261450777,1.3507352032402533,63.58132428776931,0.7940357929122533,0.018624776535359502,0.785466933999694,0.019172236816028757,0.007193503941109512,0.01825962953990676,1.0,0.0,1.0,0.8,0.9797958971132713,0.5,868.0,0.0,868.0,6806.8,125.67481848007579,6847.5,3074.2,87.54747283617043,3064.0,0.3016783056209221,0.022509481290791337,0.2939451723677601,470511.08550512546,19078.022833038172,473488.369359175,1004.3809692081646,10.776583217138437,1004.6760146750765,53.057499589787916,1.2254131231042322,53.22442834881689,4502.0,599.3848513267582,4547.0,7818.2,40.816173265018364,7817.0,5749.9,604.7601921423069,5678.0,1138.6,544.8080762984337,1074.0,5011.1,116.05727034529116,5000.0,5186.3,85.82546242229051,5177.5,138.9,0.9433981132056604,139.0,62.29647578324657,8.642101443633036,61.60537506244145,5.1,0.3,5.0,25.794611571999997,34.24180103247509,20.793303914999996,10.3178446288,13.696720412990036,8.317321565999999,5.0,0.0,5.0,10
msd_ag_nsga2,uav_5_remote_hotspot_id06,uav_5,remote_hotspot,2236813.4647225025,324680.4433837514,2162071.028539464,0.17317681113584268,0.03071965552216835,0.17551266322139275,1230.8913990770156,43.064475447543074,1217.333278993966,68.23031827601532,3.4665625335625188,68.57295709607381,0.6049384224752341,0.024427672222875816,0.6059585362758568,0.029149613295642068,0.015179289908688026,0.02886710717293242,1.0,0.0,1.0,1.3,2.3259406699226015,0.5,868.0,0.0,868.0,6850.6,75.23589568816205,6883.0,2897.4,144.67701959882916,2857.0,0.32030350794726037,0.01690130278757276,0.3134253149496097,498845.2094396865,27392.96445064568,505809.4162869869,973.7358852770598,12.641347131319552,969.8900821398017,48.22284195087941,1.8890814497882147,48.4676589044245,5229.7,654.0160624938809,5276.0,7787.3,81.954926636536,7791.5,6464.3,268.26854083175687,6424.0,2415.8,883.4633891678817,2248.5,5074.4,61.47877682582828,5061.0,5218.5,56.46636166781069,5211.5,139.5,0.806225774829855,140.0,80.46102651662659,11.341232997961006,77.7392536875559,6.4,0.4898979485566356,6.0,135.87510227799999,28.411298430359246,134.307386645,57.36828722678852,12.036648551317846,55.6909136406893,5.0,0.0,5.0,10
msd_ag_nsga2,uav_5_remote_hotspot_id07,uav_5,remote_hotspot,920540.3689120123,84943.40278094437,919242.4012821759,0.19647403281465312,0.017543147619394406,0.19803274720680675,1039.9000268245636,49.7282515462951,1032.5281874840402,68.67905294603935,1.8273200450291507,68.98660711477334,0.6923924060721239,0.013184293275727397,0.6978221094283918,0.034290332345895694,0.009351084961692485,0.030266476607476667,1.0,0.0,1.0,7.5,9.436630754670864,5.5,868.0,0.0,868.0,6507.3,266.9625629184736,6549.5,3133.0,99.17761844287249,3145.0,0.28950511435625953,0.01321364171366783,0.2935904814871345,449218.6517983073,35431.992534525016,450893.87692492217,924.9080775343302,27.6389669529138,936.1163302161552,58.505886986955396,0.8569713918845278,58.2535916054133,3985.6,627.3700981079669,3925.0,7795.0,118.14736560753269,7794.0,4112.9,666.7371971024266,4035.0,844.3,367.6656225430928,723.5,4974.1,66.56042367653619,4982.0,5157.4,50.87474815662482,5173.0,139.3,1.004987562112089,140.0,54.80686462917365,6.553233774644254,53.432042083586566,5.0,0.0,5.0,13.275823131,17.157338799490407,7.800227499999991,5.263666331979435,6.75199503482827,3.120090999999996,5.0,0.0,5.0,10
msd_ag_nsga2,uav_5_remote_hotspot_id08,uav_5,remote_hotspot,1131512.613801086,83946.04183602567,1104723.771285656,0.23435108212426076,0.018703779081954454,0.23656219655444405,1060.9269805468416,57.03305753570003,1081.5248242427929,57.46378257726661,2.683293571272784,58.20561009411601,0.6240581495936818,0.06744088804891102,0.6053612022017674,0.05722933580452366,0.02604029067338693,0.06475187389327522,1.0,0.0,1.0,0.5,1.02469507659596,0.0,868.0,0.0,868.0,6767.0,171.9028795570336,6847.0,3160.0,111.2411794256066,3185.5,0.3038836347399144,0.015547986905024692,0.30045508960243583,464832.1099168894,25440.029495993134,468430.1217235412,988.1785856655991,55.03534634847152,1012.2838268558064,45.69424217267986,1.6279616897220786,45.57669317254229,4229.4,537.5451980996575,4139.0,7764.3,86.98511366894913,7762.5,4507.8,520.1931948805174,4451.5,897.6,344.86089949427435,1030.5,5027.2,102.68183870578089,5045.5,5209.9,73.31500528541207,5216.0,137.8,2.0396078054371136,138.5,54.151366854063234,5.750197201036265,56.13942360330839,4.8,0.39999999999999997,5.0,4.300326495999999,12.900979488,0.0,1.7201305983999997,5.160391795199999,0.0,4.8,0.39999999999999997,5.0,10
msd_ag_nsga2,uav_6_multi_hotspot_boundary_id01,uav_6,multi_hotspot_boundary,961884.7763364047,31350.285104188944,969799.8979678075,0.3925423884985304,0.02357110192360846,0.388608199420163,1048.926102725718,19.122825923008904,1050.350305907216,52.47187523746504,1.74780868175488,52.2569964388981,0.5571259474127812,0.033237946094118176,0.5638948876362271,0.04522491173886006,0.021591531318520703,0.04013958805119763,1.0,0.0,1.0,0.8,0.9797958971132713,0.5,868.0,0.0,868.0,6780.4,100.3436096620009,6761.0,3336.1,109.80751340413825,3351.0,0.48930775869223336,0.01798182498882145,0.48923558743978557,494093.4881743636,38890.18448463094,483455.1496744315,916.2399329224041,29.823172814204806,927.7365499020044,39.994153033905505,1.3948088697615328,40.26179934325505,2738.3,392.12703298803564,2816.0,7795.6,74.60187665199851,7806.5,2841.5,452.6822837266773,2967.0,67.7,42.39351365480338,54.5,4746.3,110.30689008398342,4751.0,5188.7,47.09787680989452,5202.5,139.1,0.8306623862918076,139.0,40.18101845846977,1.2223368998137565,40.001577374874614,6.0,0.0,6.0,63.56870124199999,19.19493559543356,73.72988308,25.679456121403813,7.887801724653744,29.69702642025157,6.0,0.0,6.0,10
msd_ag_nsga2,uav_6_multi_hotspot_boundary_id02,uav_6,multi_hotspot_boundary,952914.1200600512,32567.128850694528,958477.1833712673,0.3980662338303108,0.035272646010060756,0.40448160369117236,1177.4292447801665,37.280501991226856,1171.870537146706,53.787433023429415,1.110021288564144,53.65074140218504,0.5506939355837608,0.01293431897500726,0.5497612498414244,0.038718179784229666,0.00639989653157332,0.03650743618855361,1.0,0.0,1.0,0.2,0.6000000000000001,0.0,868.0,0.0,868.0,6608.3,310.82633414818633,6737.0,3420.8,51.74127945847493,3438.0,0.4764528818085088,0.012500508234460934,0.4766561774804303,489826.35345766897,20607.69888255388,492879.682504338,1053.1353996498888,28.681865466388967,1062.5948431044328,40.18533179867436,1.573238064790082,40.08100458039566,3559.2,274.2155356649218,3538.5,7797.9,51.23368032847143,7801.0,3622.7,294.00852028470194,3588.0,330.3,135.9161874097416,302.5,4966.0,42.96510211788167,4962.0,5177.7,38.39804682532694,5183.0,139.3,0.9,139.5,46.59109020838514,2.734345856696182,45.95265799993649,5.9,0.3,6.0,29.436854547999996,21.982127409282196,30.947042479999993,11.504054570309828,8.471755877125,11.533281781308945,5.9,0.3,6.0,10
msd_ag_nsga2,uav_6_multi_hotspot_boundary_id03,uav_6,multi_hotspot_boundary,755948.6506099236,62981.90412499255,744427.4130200746,0.6208937679090788,0.03518416329279623,0.6188674277197819,1092.7308262190559,44.413740904374606,1090.8614043976659,38.56660955794772,3.43909124613327,37.62740059054761,0.6015771776030588,0.04500050766632127,0.5978922805227769,0.06232918762749795,0.023475961002968733,0.05742754444576114,1.0,0.0,1.0,2.4,4.6946778377222005,0.0,868.0,0.0,868.0,6708.9,186.3381066770831,6741.0,3445.6,37.35023426968029,3460.5,0.6997188170722506,0.016612793871601368,0.7027755355997387,483484.1343517277,36293.10833179875,476657.8314024275,975.0534563711697,32.00232124105476,988.7192561396122,25.03185160214119,2.0899833383663076,24.829206965020234,4095.7,305.91372966900326,4101.5,7797.5,49.82820486431354,7800.5,4368.9,410.3765222329367,4398.5,446.4,240.01716605276383,412.0,4837.1,113.03667546420496,4830.0,5216.5,58.908827861365566,5234.0,138.8,0.8717797887081347,139.0,45.067171812336895,4.3854625807440355,44.06015524955001,5.9,0.3,6.0,81.92050084899999,17.023019252980536,84.17688208000001,32.670308999152255,5.948695087913679,32.580455997744735,5.9,0.3,6.0,10
msd_ag_nsga2,uav_6_multi_hotspot_boundary_id04,uav_6,multi_hotspot_boundary,847333.1688110707,94641.4546762822,850041.8626238711,0.47581774723140474,0.037781761216297886,0.4750760420159076,1076.0523062153006,54.877761690641584,1062.2059437622622,43.11540642367236,4.114084367369431,43.65754905583726,0.6185270180247258,0.03584270552350084,0.6102658740404779,0.052853057702403984,0.0192325282645845,0.06166675608583754,1.0,0.0,1.0,8.0,7.861297602813418,5.0,868.0,0.0,868.0,6518.3,200.62305450770108,6521.5,3403.8,67.22469784238528,3422.0,0.5907199574659995,0.018879709555379712,0.5941946111924942,470574.36347440723,33727.21531254601,477173.03499759815,941.9130136634934,38.30251742269824,926.1951634048862,28.954762347800926,1.9229705000064157,29.375095856645263,3680.8,541.7454752925953,3683.5,7792.7,85.73219931857574,7789.0,3797.7,600.7270678103328,3734.5,113.5,44.33114029663573,123.0,4929.7,158.9453050580608,4909.0,5253.4,98.79291472570289,5250.5,139.4,0.66332495807108,139.5,42.17273808331229,1.7542666343853273,42.22475516656414,5.5,0.5,5.5,56.055819715,41.467603623326454,60.938335050000006,22.380248059497696,14.907361086722332,24.8212984861497,5.5,0.5,5.5,10
msd_ag_nsga2,uav_6_multi_hotspot_boundary_id05,uav_6,multi_hotspot_boundary,788770.5920084001,21748.19598742337,790302.9150620943,0.43347217370963903,0.02934229858877938,0.4310931286002826,1111.694334609816,54.46667336622848,1122.6389645341,49.25602466206906,1.5712862248845667,49.494695354104394,0.5962620248898156,0.04783950301749581,0.571350883997795,0.07401846427156218,0.028235302506696567,0.0833092732108264,1.0,0.0,1.0,1.7,2.5317977802344322,0.0,868.0,0.0,868.0,6825.8,100.21057828393168,6878.0,3402.3,146.5019112503315,3451.0,0.5361900495484321,0.037159573227817926,0.5394556855104615,464477.12495613017,25970.422988852064,466281.9119076132,1013.4873042347128,30.930530462263214,1018.6523383105067,39.443638419290366,1.5416501844152308,39.56767354126765,3867.3,557.9211503429494,3887.0,7808.6,79.99399977498312,7795.0,4207.2,630.4563109367691,4296.5,439.9,200.96091659822812,475.0,4715.0,85.44705963343618,4700.5,5207.9,54.527882775695595,5208.5,138.5,2.0615528128088303,139.0,46.56237488349434,4.49438982989324,46.837545937509276,5.8,0.39999999999999997,6.0,62.50885525599999,22.64124927972996,70.48037162,24.929383858040772,8.812843605295186,26.762013141336475,5.8,0.39999999999999997,6.0,10
msd_ag_nsga2,uav_6_multi_hotspot_boundary_id06,uav_6,multi_hotspot_boundary,968461.3868998192,111019.10556071482,1015563.7135056052,0.31647313219358686,0.01788809860938442,0.31236275084950943,1121.6593127165152,42.240198225047465,1127.8466952159563,59.653658996076636,3.237854811426355,58.93741949020488,0.6930454756529265,0.03141013673457311,0.6846970761548661,0.050344520349129965,0.017802184943701744,0.05304376578528719,1.0,0.0,1.0,4.6,12.483589227461788,0.0,868.0,0.0,868.0,6840.4,119.95265732779747,6882.5,3313.5,65.58848984387429,3309.5,0.3892740581310059,0.012042582969672103,0.3904246083817927,493871.86124004686,21964.548849731964,499823.7508657442,1015.1805036448541,25.341691153431245,1026.3255172118293,49.80829397161343,1.6189178388559373,50.16010776192199,3244.9,435.11962722911045,3222.0,7791.6,99.83105729180674,7784.5,3284.4,438.61696273628087,3229.0,329.6,147.69712251767126,366.5,4913.8,50.69477290608964,4923.0,5180.3,51.28167313963147,5173.5,139.1,1.2206555615733703,140.0,45.769963050005025,2.874378497625158,47.006703458027914,5.8,0.39999999999999997,6.0,23.26056873,24.113531574897262,16.766449214999994,9.356254010704635,9.825150732431364,6.248486697672996,5.8,0.39999999999999997,6.0,10
msd_ag_nsga2,uav_6_multi_hotspot_boundary_id07,uav_6,multi_hotspot_boundary,866426.1843351735,39033.579645078564,858632.6296886308,0.5456000619646852,0.0282927173721019,0.5435648894209015,1150.0907542458062,45.01614918625963,1138.9319293739636,41.50911513234699,2.5399168435405217,41.44139607241789,0.540149544874083,0.031003461721571958,0.53919300584901,0.05458692333004674,0.016362512210262876,0.052748187679168446,1.0,0.0,1.0,4.3,8.41486779456457,0.5,868.0,0.0,868.0,6669.6,204.39383552348147,6749.0,3464.4,10.809255293497328,3470.0,0.657268039739849,0.025840309057414558,0.6507307203354451,493698.61014349107,21833.355990018466,500546.5988297004,1014.2550480558173,32.15371826020182,1024.880802630572,25.293002481755998,1.737778845935536,25.102110403090222,4590.0,294.03979322533877,4627.5,7778.5,54.842045913696545,7771.0,4845.2,433.3100045002423,4817.5,507.4,179.3193798784727,474.5,4860.4,76.86767851314362,4874.5,5184.6,57.83286263016902,5182.0,138.8,1.7776388834631178,139.5,44.98726328318007,4.791262405312954,45.20303687499836,5.9,0.3,6.0,86.89420750899998,17.79432736253231,84.04738327999999,34.95565227394523,7.354994487157496,32.968923716222434,5.9,0.3,6.0,10
msd_ag_nsga2,uav_6_multi_hotspot_boundary_id08,uav_6,multi_hotspot_boundary,861774.0465231914,69224.57307212433,864340.1516095165,0.5981889745585907,0.038557440941273044,0.5981879997090644,1117.845541774313,55.66783499907449,1110.3888553096924,45.76794104029004,3.4938710802937663,45.22583169638654,0.5672150449007008,0.02643408423606372,0.5682486941427976,0.04972934634863258,0.015958003568523345,0.05061346123605891,1.0,0.0,1.0,3.3,8.038034585643432,0.0,868.0,0.0,868.0,6903.0,36.848337818685934,6902.0,3428.1,57.30698037761194,3453.5,0.666439871097121,0.02651481291840701,0.65997529820271,484275.0104419524,31052.91152955759,486228.14633341983,956.9492123993775,28.270723934298037,969.1452685710709,24.196851334715078,1.9986864681348189,23.820595129694375,3312.4,334.2137639296144,3339.5,7808.9,60.17050772596156,7823.0,3413.5,427.7364258512478,3361.5,339.4,66.17733751066146,321.0,4792.2,145.3724870806027,4793.5,5215.9,75.34779359742394,5217.0,139.1,0.9433981132056604,139.0,41.44294099577237,2.9996606441067843,41.95106316648889,5.7,0.45825756949558405,6.0,39.438825918999996,24.489732830958747,50.713933775,15.050647482540768,9.368322334369365,19.354758535418576,5.7,0.45825756949558405,6.0,10
msd_ag_nsga2,uav_6_remote_hotspot_id01,uav_6,remote_hotspot,841373.424045508,42502.241786293474,839456.3480352596,0.2683054267955879,0.023269784117711887,0.2623876635151339,1119.7919211905732,86.35700457702822,1137.4484914031545,69.68855155715107,1.0504745260988084,69.4859301595196,0.6096266152124232,0.046072824718614444,0.5871013137164982,0.06060657408018938,0.02060544414827187,0.0651666225699407,1.0,0.0,1.0,7.5,16.088815991240622,1.0,868.0,0.0,868.0,6706.4,251.2059712666082,6801.5,3196.6,85.51397546600204,3208.0,0.332673598764642,0.009395159303091892,0.3317500288561731,488833.6302982837,38509.962980724704,471697.48497231014,978.9062011652989,47.0190815532921,1005.6772739333246,60.79563331239061,0.5116726647619585,60.7831856587025,3726.7,284.09999999999997,3673.5,7781.0,80.14486883138558,7773.0,4019.9,329.5850269657285,4015.5,705.5,179.16542635229598,701.0,4721.5,97.0734258177798,4744.5,5220.5,51.24695112882326,5229.5,139.5,0.6708203932499369,140.0,42.300757274986246,7.9155866958946675,38.44101258344017,5.7,0.45825756949558405,6.0,21.130001159,32.53177600198268,1.6719429900000051,8.211620940355045,12.332978818723698,0.6462058873909162,5.7,0.45825756949558405,6.0,10
msd_ag_nsga2,uav_6_remote_hotspot_id02,uav_6,remote_hotspot,1137061.2465034663,104700.96818003002,1131397.9349166187,0.2022448003991583,0.015135289966798483,0.20269805929383589,1174.7240410434076,43.923914208721875,1173.6673077530997,67.3686825806338,0.9624833766507387,67.25528604714063,0.6240905075674916,0.030965781226249718,0.6134331491478167,0.05109760418379827,0.01587213624020376,0.05433072008135824,1.0,0.0,1.0,6.5,11.4564392373896,1.0,868.0,0.0,868.0,6727.3,220.53981499946897,6801.0,3254.3,68.25987108103853,3278.5,0.2856100974738143,0.024760280305835144,0.28365775121800174,532874.6445371873,29894.55069917022,524604.7401881736,1014.5797112817512,42.422316371544696,1037.750606054346,54.71210177575381,1.2041876045639768,54.67217372118586,4476.9,490.75135251978674,4522.5,7789.2,97.75970540053811,7808.5,4656.2,533.5739498888603,4710.5,789.3,192.95494292709893,751.0,4924.4,53.535408843119896,4935.0,5158.8,45.947361186470765,5165.5,139.6,0.66332495807108,140.0,45.149990620999596,7.5282683382547875,41.81165287503973,6.0,0.0,6.0,17.011821871000002,23.567012874956934,0.0,6.339931687445611,8.782907135836075,0.0,6.0,0.0,6.0,10
msd_ag_nsga2,uav_6_remote_hotspot_id03,uav_6,remote_hotspot,1626339.665317411,278174.01437880547,1762065.6766131683,0.1604182270224376,0.025911618246929533,0.16572683575308433,1241.178177719772,60.44606396484802,1241.5325944678434,69.18863274057246,3.3051685026435798,67.30539222840031,0.6205210033045447,0.01494163438571958,0.6192562063434499,0.02962439000398378,0.011609764120448387,0.027600128263514562,1.0,0.0,1.0,1.8,2.9257477676655586,0.5,868.0,0.0,868.0,6861.9,92.67410641597793,6911.0,3141.4,108.2471246731293,3141.5,0.2564387754246641,0.010295224765673535,0.2581875039262058,504714.56234939984,17959.05068956894,500545.74628822936,1045.1702657015244,50.38148979995077,1067.1701675581003,54.744536277642496,1.1068630250454463,54.84533618461511,5232.4,331.9527677245665,5263.5,7796.8,61.62596855222642,7800.0,5466.5,327.2593008609534,5515.0,947.1,236.39054549621903,966.5,4987.5,69.23185682906389,4984.0,5159.0,43.79497688091638,5163.0,139.7,0.6403124237432849,140.0,47.10594014588278,9.03114754876094,45.854618833516724,6.5,0.6708203932499369,7.0,98.662458609,13.87823499140646,94.92187525000003,36.639284926616774,6.699557175492542,34.82552635149493,5.6,0.6633249580710799,6.0,10
msd_ag_nsga2,uav_6_remote_hotspot_id04,uav_6,remote_hotspot,1168127.5780133107,179241.69242053435,1151067.3398942447,0.20399528106102482,0.012851742971997246,0.20906946389507663,1164.9030684375161,73.7688299337263,1149.8588394936078,67.0475437058573,1.8646545117596518,67.29288442582094,0.6423194639383893,0.03746217290122078,0.6443812594227679,0.046365438569926296,0.016143176948044118,0.04462310115413988,1.0,0.0,1.0,1.2,2.0396078054371136,0.0,868.0,0.0,868.0,6856.1,73.8193064177658,6867.5,3272.7,111.92859330841249,3293.5,0.29130757117207706,0.019860426488511912,0.2934448862550626,525039.5803091876,29480.123499166013,523670.4398437716,1024.6927829417248,58.63801474821469,1000.84095924441,54.623768632385406,1.2911472757760016,54.779418649190255,4910.8,460.6193222173816,5032.5,7798.0,89.4527808399493,7793.0,5218.6,477.1490752374985,5391.0,1372.4,492.2174722620074,1483.0,4915.0,129.80369794424195,4948.5,5215.0,84.32555958901192,5234.0,139.3,2.0999999999999996,140.0,50.434905083244665,8.548847137830487,50.04346037493087,5.6,0.66332495807108,5.5,26.114063891,34.98844542764511,2.2414589199999995,9.770355367435894,13.004346715504864,0.8353424189822103,5.5,0.5,5.5,10
msd_ag_nsga2,uav_6_remote_hotspot_id05,uav_6,remote_hotspot,1730494.423999055,144003.05353077082,1693820.961862224,0.14098602425755896,0.02776892718064696,0.136387410123124,1305.5974208427047,79.95833987231029,1293.0284539374074,68.21277157879919,1.9018101287176903,68.43631454043154,0.5564785402016146,0.023403767922354126,0.5566080316137769,0.041419837347061624,0.013695354717459172,0.03740090256561186,1.0,0.0,1.0,5.1,6.949100661236676,2.0,868.0,0.0,868.0,6777.3,73.01239620776735,6810.5,2882.0,150.3070191308443,2870.5,0.35254197704417883,0.04920220841603036,0.3508414810883207,508195.03670800023,38417.56043976376,506130.6253070313,1040.7775325358202,54.06216970353454,1073.6496617540554,47.232928032346635,3.056740566658459,47.22251266238117,5879.9,308.92214229478594,5972.0,7807.2,58.916551155002274,7800.5,6410.6,295.36628108164274,6436.0,1788.1,445.24834643151684,1806.5,5046.3,79.53244620907871,5055.0,5195.9,50.385414556198704,5187.0,139.4,0.8,140.0,59.73906851240899,12.495087861093975,55.42443443799857,7.0,0.4472135954999579,7.0,109.826597816,23.95134968457845,107.04580754,40.87686764075158,7.568048560092174,42.01533095636717,5.9,0.3,6.0,10
msd_ag_nsga2,uav_6_remote_hotspot_id06,uav_6,remote_hotspot,1405811.4689654121,196520.50480385532,1483452.7109429592,0.15612659859867897,0.02165755870968509,0.15996555120465508,1295.0217904757951,63.723903775697345,1291.7213824785188,71.39193702983263,1.9565078479160811,71.49315636734912,0.6282229659204914,0.028144902226947866,0.6295357762791924,0.038606433428388987,0.01491703634590518,0.0340053745491317,1.0,0.0,1.0,0.1,0.30000000000000004,0.0,868.0,0.0,868.0,6886.2,54.86857023834319,6909.5,3154.2,111.16006477148167,3164.5,0.2589729958353869,0.027860795748362983,0.25261902471455583,524505.4467024219,20814.416172384394,526301.9278011296,1079.3936173837294,41.95996518466525,1091.18638666571,61.047422563517,0.9807609407632716,61.27968856830328,5094.5,651.3388135218106,5128.0,7764.5,78.2205216039883,7741.0,5545.6,708.263256141387,5648.0,1468.0,443.53917527091113,1730.5,5068.9,60.215363488066735,5071.5,5203.4,59.541918007400476,5209.0,139.5,0.6708203932499369,140.0,53.16617359998636,9.265495722464033,53.20451737497933,6.8,0.39999999999999997,7.0,96.01037439299998,38.52702606679951,106.327670355,34.67056538538422,13.967657532547848,36.666067603108274,5.9,0.3,6.0,10
msd_ag_nsga2,uav_6_remote_hotspot_id07,uav_6,remote_hotspot,985021.1424403077,108406.37764944897,995344.0242668123,0.21918886655478015,0.017939806678469106,0.21998333923530444,1178.5583567503375,67.38925010214696,1196.489249479229,67.94193806794048,1.9559350551406953,68.70049097735517,0.6697327678732832,0.030867707247642498,0.6670299205928982,0.04355852082200302,0.014714896006184098,0.04454062016967815,1.0,0.0,1.0,7.1,6.7149087856798175,5.0,868.0,0.0,868.0,6711.9,246.28051080018489,6778.5,3015.5,156.18082468728355,3058.5,0.28584344492191816,0.015407137890640257,0.2875312381212128,466937.6580119211,23313.71949153589,468617.93359682127,1037.9508771927203,35.154675661074315,1034.9776894288436,61.02291870428676,1.3878082058208814,60.90981206718297,5047.9,548.7162199169986,5082.0,7817.0,75.21436033098999,7841.0,5475.3,551.0774990870159,5487.0,925.2,380.8101364197125,848.5,4899.6,115.14703643602817,4913.5,5182.6,77.63014878254452,5201.5,136.4,4.127953488110059,138.0,43.37943923326675,5.002811628708787,41.91868408303708,5.7,0.45825756949558405,6.0,34.750903783,38.56327395836354,20.766822555000005,13.230435665206135,14.227082469349718,8.068171874872828,5.7,0.45825756949558405,6.0,10
msd_ag_nsga2,uav_6_remote_hotspot_id08,uav_6,remote_hotspot,1485768.8642262528,184865.13873068444,1446002.623267619,0.2152106653883515,0.020178564751936787,0.2176741595059869,1382.821864580298,63.25519092632373,1389.844625250878,73.56460055275468,1.765610010410685,73.66725166847189,0.6339123160742917,0.028982095296204477,0.6288494731339236,0.04133469475713267,0.014929813894807614,0.04420874317559151,1.0,0.0,1.0,1.7,3.132091952673165,0.0,868.0,0.0,868.0,6841.2,93.9242247772107,6876.0,3108.5,159.22327091226333,3119.0,0.2928253797653811,0.012665336353122617,0.2912574146417355,563203.6747987847,23103.518091381186,562365.631269484,1134.1185221732526,28.37076500981991,1135.704716120768,64.23574615936754,1.0271183355578961,64.37160727477263,5704.2,450.3353861290494,5773.0,7778.5,68.12231646090729,7775.5,6300.2,367.17020576294044,6375.0,2154.1,501.8375135439757,2144.0,4979.9,83.05353695057183,4951.0,5174.6,44.94930477771597,5188.0,138.6,1.6852299546352716,139.0,60.403348037460816,7.462419729843362,63.83203914598562,7.1,0.5385164807134504,7.0,117.91873372,26.343178998954816,115.73176798000001,41.97061511831128,7.79053756082703,42.91518285385621,5.8,0.39999999999999997,6.0,10
