scenario_id,algorithm,run_id,group_name,scenario_type,n,uav_count,HV,IGD+,runtime_sec,n_solutions,feasible_rate,C,A,G,AS,total_sorties,used_uavs,uav_load_std,uav_load_range,min_C,min_A,min_G,max_AS,mutation_cfm_attempts,mutation_cfm_accepts,mutation_bbr_attempts,mutation_bbr_accepts,mutation_bbr_overload_triggers,mutation_bbr_imbalance_triggers,ls_calls,ls_structure_moves,ls_time_moves,ls_boundary_balance_moves
mechanism_50_4_multi_hotspot_boundary_id01,msd_ag_nsga2,1,mechanism_50_4,multi_hotspot_boundary,50,4,0.4807003739076317,0.11963168511335386,33.27518124994822,140,1.0,775.7474084559581,1076804.3705658498,43.76502881042813,0.4771791722827885,4.0,4.0,0.0,0.0,716.4120722656445,526713.4110750178,34.10257019339078,0.5457817246947524,5262.0,4950.0,7804.0,2308.0,0.0,2338.0,868.0,6903.0,3472.0,0.0
mechanism_50_4_multi_hotspot_boundary_id01,msd_ag_nsga2,2,mechanism_50_4,multi_hotspot_boundary,50,4,0.5134169533067007,0.09815496973414149,32.515784334158525,139,1.0,779.9370673815724,846557.8657424917,50.61650684625661,0.48976781119994134,4.0,4.0,0.0,0.0,695.8793132322918,466229.88693777437,35.66710597560837,0.5551149118738667,5280.0,5051.0,7805.0,2690.0,0.0,2724.0,868.0,6876.0,3472.0,0.0
mechanism_50_4_multi_hotspot_boundary_id01,msd_ag_nsga2,3,mechanism_50_4,multi_hotspot_boundary,50,4,0.6084053344804521,0.036789341250217,33.54399308306165,139,1.0,689.6877510198553,815071.1039583181,51.599673731925535,0.44339313599419256,3.0,3.0,0.0,0.0,650.6040963061491,458333.92279140686,33.94663756977617,0.5638796163504329,5248.0,5030.0,7903.0,2004.0,0.0,2032.0,868.0,6886.0,3470.0,0.0
mechanism_50_4_multi_hotspot_boundary_id01,msd_ag_nsga2,4,mechanism_50_4,multi_hotspot_boundary,50,4,0.6468657636107356,0.016813835880642867,30.65307658398524,140,1.0,674.3944490921868,872011.205110069,47.47360911505117,0.4377505261848346,3.0,3.0,0.0,0.0,627.2266457573108,455797.8778907429,33.827463167075244,0.5510396804832672,5260.0,5123.0,7800.0,1421.0,1.0,1502.0,868.0,6932.0,3472.0,0.0
mechanism_50_4_multi_hotspot_boundary_id01,msd_ag_nsga2,5,mechanism_50_4,multi_hotspot_boundary,50,4,0.5178375554066845,0.09565808315513684,31.753821958089247,139,1.0,775.8209963514153,945796.7198630032,47.631490495308555,0.49268911967736195,4.0,4.0,0.0,0.0,702.4722739585748,467722.0861562261,35.54381950857468,0.557407550957911,5248.0,4912.0,7727.0,1907.0,0.0,1933.0,868.0,6909.0,3466.0,0.0
mechanism_50_4_multi_hotspot_boundary_id01,msd_ag_nsga2,6,mechanism_50_4,multi_hotspot_boundary,50,4,0.6270945690324095,0.033488211636831605,33.062456040875986,139,1.0,692.8098457575409,756385.6464479158,51.965521639767836,0.4441432772130838,3.0,3.0,0.0,0.0,622.8611880848149,459558.81398495904,32.92580167706743,0.5465246248041595,5052.0,4885.0,7860.0,2300.0,0.0,2359.0,868.0,6819.0,3354.0,0.0
mechanism_50_4_multi_hotspot_boundary_id01,msd_ag_nsga2,7,mechanism_50_4,multi_hotspot_boundary,50,4,0.6741783918404143,0.012044544220414902,33.895233042072505,140,1.0,664.8241585129731,821843.8611143093,49.96130603081281,0.4594458469499957,3.0,3.0,0.0,0.0,603.1191191435671,447456.0619177769,34.92191409312626,0.5402410673048701,5232.0,5112.0,7879.0,2681.0,0.0,2823.0,868.0,6859.0,3472.0,2.0
mechanism_50_4_multi_hotspot_boundary_id01,msd_ag_nsga2,8,mechanism_50_4,multi_hotspot_boundary,50,4,0.553557981140584,0.06579019932836386,29.346070083789527,139,1.0,736.0766574248676,990546.1817223915,47.02274080124015,0.4973799707443842,4.0,4.0,0.0,0.0,678.0633771865959,483785.5518109191,34.47844444531982,0.5521232343476492,5312.0,5064.0,7745.0,960.0,0.0,976.0,868.0,6919.0,3471.0,0.0
mechanism_50_4_multi_hotspot_boundary_id01,msd_ag_nsga2,9,mechanism_50_4,multi_hotspot_boundary,50,4,0.5209552976685239,0.08605149076998962,29.88542529195547,140,1.0,797.1654395769957,949827.1654133945,46.60604229242071,0.5166522887706785,4.0,4.0,0.0,0.0,715.0391433316418,477323.54364807723,34.34628173060713,0.5609621792095141,5069.0,4804.0,7839.0,1719.0,0.0,1735.0,868.0,6872.0,3457.0,0.0
mechanism_50_4_multi_hotspot_boundary_id01,msd_ag_nsga2,10,mechanism_50_4,multi_hotspot_boundary,50,4,0.5055183907414116,0.10169717602133027,31.271996167022735,140,1.0,786.1090314474152,820861.8250365569,51.25921977764037,0.46173906597305653,4.0,4.0,30.68120156047256,70.85519991999999,717.4448798011836,452268.47402373736,34.54625849950246,0.556898257747395,5119.0,4796.0,7814.0,1717.0,0.0,1734.0,868.0,6807.0,3442.0,13.0
mechanism_50_4_multi_hotspot_boundary_id02,msd_ag_nsga2,1,mechanism_50_4,multi_hotspot_boundary,50,4,0.5717066745860373,0.046957318404516654,35.36820074985735,140,1.0,885.2906953980221,883016.9188326275,49.670600353690574,0.4881284818982686,4.0,4.0,0.0,0.0,807.6418957130282,464422.1733706458,36.821085002849536,0.557763496799501,5266.0,4997.0,7796.0,2997.0,2.0,3098.0,868.0,6406.0,3464.0,7.0
mechanism_50_4_multi_hotspot_boundary_id02,msd_ag_nsga2,2,mechanism_50_4,multi_hotspot_boundary,50,4,0.5993665543454512,0.032661996759640155,34.299645708175376,140,1.0,868.929366104488,999200.1984508062,42.7242188161244,0.5197899894325667,4.0,4.0,0.0,0.0,815.4842753067439,493684.9357297111,33.27187116170516,0.5607270143200378,5263.0,5089.0,7764.0,2841.0,1.0,2918.0,868.0,6911.0,3472.0,0.0
mechanism_50_4_multi_hotspot_boundary_id02,msd_ag_nsga2,3,mechanism_50_4,multi_hotspot_boundary,50,4,0.5923855431485516,0.030141122430032842,33.61028866702691,138,1.0,884.2450161465083,980851.6759459426,43.52574621112501,0.5032013542611371,4.0,4.0,0.0,0.0,819.1815626404085,485453.00843092304,33.962453263279784,0.5552893093560781,5140.0,4956.0,7830.0,1682.0,2.0,1745.0,868.0,6411.0,3440.0,0.0
mechanism_50_4_multi_hotspot_boundary_id02,msd_ag_nsga2,4,mechanism_50_4,multi_hotspot_boundary,50,4,0.5828820199556253,0.03602517709074242,35.089924125000834,140,1.0,887.6016383805774,895192.6827786795,47.827341943316775,0.4640285727150466,4.0,4.0,0.0,0.0,822.2519343111893,503789.17418584874,35.007077046334146,0.5616793329135178,5127.0,4871.0,7900.0,3251.0,2.0,3356.0,868.0,6664.0,3472.0,0.0
mechanism_50_4_multi_hotspot_boundary_id02,msd_ag_nsga2,5,mechanism_50_4,multi_hotspot_boundary,50,4,0.5943846302337924,0.03328659467691442,34.17850187490694,138,1.0,909.8163386886497,942823.992132181,43.71455440215594,0.5012077866394575,4.0,4.0,0.0,0.0,817.3509289156782,454314.5880603152,33.87466694003958,0.5389158567747675,5259.0,5163.0,7787.0,2051.0,1.0,2123.0,868.0,6751.0,3462.0,0.0
mechanism_50_4_multi_hotspot_boundary_id02,msd_ag_nsga2,6,mechanism_50_4,multi_hotspot_boundary,50,4,0.5685949516764783,0.059342593089200174,34.646453791996464,138,1.0,859.6739219332221,968094.5554947242,47.83117231205349,0.4793616527779859,4.0,4.0,0.0,0.0,819.6893756159496,476954.2213501135,33.974285981451565,0.5402948419749075,5185.0,5009.0,7864.0,2751.0,1.0,2817.0,868.0,6798.0,3472.0,0.0
mechanism_50_4_multi_hotspot_boundary_id02,msd_ag_nsga2,7,mechanism_50_4,multi_hotspot_boundary,50,4,0.6084292814874913,0.038609405449069045,33.71041691699065,140,1.0,871.2203241906745,954651.4515705724,46.891479688307726,0.45396621885906135,4.0,4.0,0.0,0.0,798.1788863111982,438565.9693148625,33.344613762916694,0.5386451562725483,5353.0,5158.0,7668.0,1744.0,7.0,1803.0,868.0,6088.0,3460.0,0.0
mechanism_50_4_multi_hotspot_boundary_id02,msd_ag_nsga2,8,mechanism_50_4,multi_hotspot_boundary,50,4,0.6386314510840077,0.017350249860366384,31.927206041058525,139,1.0,846.0888130773134,914799.0125891259,47.32048279766523,0.4770887804125403,4.0,4.0,0.0,0.0,790.8815730536497,461134.84329278563,34.775031372442086,0.5349373059151034,5304.0,5080.0,7800.0,1954.0,1.0,2033.0,868.0,6801.0,3436.0,0.0
mechanism_50_4_multi_hotspot_boundary_id02,msd_ag_nsga2,9,mechanism_50_4,multi_hotspot_boundary,50,4,0.6358601664005987,0.015155904858520787,31.8493122078944,139,1.0,883.13438516611,773948.8863949717,54.0705331375823,0.4454721481083633,4.0,4.0,0.0,0.0,792.7131644871502,442587.30780525197,36.27407808564497,0.529219939004394,5242.0,5068.0,7819.0,1779.0,2.0,1861.0,868.0,6612.0,3472.0,0.0
mechanism_50_4_multi_hotspot_boundary_id02,msd_ag_nsga2,10,mechanism_50_4,multi_hotspot_boundary,50,4,0.6602123381650804,0.009888968580944584,25.75329254101962,140,1.0,870.6301021749925,839193.8334963577,51.01130788454732,0.4574596409974315,4.0,4.0,0.0,0.0,789.5137296172522,452955.78317967744,33.568031573531634,0.5514469710688004,5278.0,5135.0,7766.0,1055.0,0.0,1105.0,868.0,6888.0,3464.0,0.0
mechanism_50_4_multi_hotspot_boundary_id03,msd_ag_nsga2,1,mechanism_50_4,multi_hotspot_boundary,50,4,0.6437797323001405,0.03238408208122594,32.007336125010625,138,1.0,825.2523788605972,809572.4602767829,34.939931365835214,0.5885582117721618,4.0,4.0,4.925536631326993,11.375039600000008,748.8980394791395,421264.06789887254,21.646801476225335,0.6774165335363633,5166.0,4830.0,7796.0,2690.0,3.0,2742.0,868.0,6635.0,3472.0,0.0
mechanism_50_4_multi_hotspot_boundary_id03,msd_ag_nsga2,2,mechanism_50_4,multi_hotspot_boundary,50,4,0.6160224533500517,0.04798977315525103,32.90057916706428,139,1.0,892.1474349991283,763929.7774486897,36.00091980194185,0.6073027101076813,4.0,4.0,0.0,0.0,741.9463885395382,426464.4080101814,22.721950944376005,0.6872971117006732,5126.0,4869.0,7835.0,2822.0,20.0,2880.0,868.0,6920.0,3472.0,0.0
mechanism_50_4_multi_hotspot_boundary_id03,msd_ag_nsga2,3,mechanism_50_4,multi_hotspot_boundary,50,4,0.5983749788887911,0.05055817170973975,33.62248950009234,139,1.0,820.6049914183175,851691.6019224526,36.72029555334983,0.6053706570305515,4.0,4.0,0.0,0.0,763.724588216237,434171.59745636734,23.953830068384264,0.7130577184918795,5354.0,5007.0,7894.0,2839.0,9.0,2902.0,868.0,6772.0,3472.0,0.0
mechanism_50_4_multi_hotspot_boundary_id03,msd_ag_nsga2,4,mechanism_50_4,multi_hotspot_boundary,50,4,0.5767989514391898,0.07236631781118016,33.740796458907425,140,1.0,920.0269609623936,828593.5566859073,32.73543193166356,0.6313058525837387,4.0,4.0,0.0,0.0,753.417534288272,494519.3934377502,23.742940941773796,0.6640666015826275,5209.0,4972.0,7771.0,3049.0,4.0,3113.0,868.0,6419.0,3472.0,5.0
mechanism_50_4_multi_hotspot_boundary_id03,msd_ag_nsga2,5,mechanism_50_4,multi_hotspot_boundary,50,4,0.5829148957713812,0.05749948409105548,29.415707499952987,140,1.0,866.7655146035315,815313.7714160213,36.97857045582218,0.5837744679129364,4.0,4.0,0.0,0.0,763.769521727098,429309.5043082056,24.40390499907228,0.6549828922991965,5124.0,4796.0,7772.0,1898.0,3.0,1943.0,868.0,6870.0,3471.0,0.0
mechanism_50_4_multi_hotspot_boundary_id03,msd_ag_nsga2,6,mechanism_50_4,multi_hotspot_boundary,50,4,0.598462236263811,0.056545783503547074,32.98881374998018,139,1.0,898.8464411127774,779909.7653531657,35.39404791486276,0.6450398050865621,4.0,4.0,0.0,0.0,755.3979241443194,477454.96532339713,23.13240468080052,0.6987116020709274,5167.0,5009.0,7803.0,2874.0,15.0,2928.0,868.0,6905.0,3472.0,0.0
mechanism_50_4_multi_hotspot_boundary_id03,msd_ag_nsga2,7,mechanism_50_4,multi_hotspot_boundary,50,4,0.6651277876245539,0.013174558679247406,33.289486333029345,140,1.0,806.5836501181175,823888.6225716815,31.996315191541747,0.6268910123675703,4.0,4.0,21.52937203085892,49.71995494999999,761.8044464866501,444225.6405909756,21.356558500858668,0.7010047716621082,5158.0,4921.0,7703.0,3151.0,2.0,3209.0,868.0,6753.0,3432.0,0.0
mechanism_50_4_multi_hotspot_boundary_id03,msd_ag_nsga2,8,mechanism_50_4,multi_hotspot_boundary,50,4,0.6257621414006362,0.03302289272777833,32.47168929199688,139,1.0,825.3920092039448,833354.5438120951,34.16361362872999,0.5874939997020099,4.0,4.0,26.445792112353192,61.07394077999999,759.4346989458231,443525.7758977519,23.370845503506104,0.6940448209653083,5286.0,5131.0,7844.0,2695.0,8.0,2763.0,868.0,6861.0,3472.0,0.0
mechanism_50_4_multi_hotspot_boundary_id03,msd_ag_nsga2,9,mechanism_50_4,multi_hotspot_boundary,50,4,0.6515665154455826,0.03111017901816556,32.26203229208477,138,1.0,837.9841750299265,771122.088381662,36.33461279245911,0.601765875545367,4.0,4.0,17.112083880842725,39.51866494000001,742.8110601763228,409705.113625191,21.070386508311813,0.6813398436809899,5180.0,4991.0,7761.0,2153.0,5.0,2184.0,868.0,6733.0,3471.0,0.0
mechanism_50_4_multi_hotspot_boundary_id03,msd_ag_nsga2,10,mechanism_50_4,multi_hotspot_boundary,50,4,0.6476207263755845,0.028164345352119223,30.671693666139618,139,1.0,862.0498805989446,774695.4144631104,36.67328210227958,0.6045356026245797,4.0,4.0,4.6367719092909105,10.708166040000009,750.5584076114114,437811.2449037771,21.774914071130695,0.7263545998521538,5227.0,5015.0,7935.0,2565.0,6.0,2625.0,868.0,6736.0,3470.0,0.0
mechanism_50_4_multi_hotspot_boundary_id04,msd_ag_nsga2,1,mechanism_50_4,multi_hotspot_boundary,50,4,0.5808088602933105,0.04722164306054142,31.814580792095512,140,1.0,859.7532400670624,852867.7442145892,33.18577360491172,0.5860404992935425,4.0,4.0,26.387073108813833,60.938335050000006,757.8296347753203,465141.35488260724,23.25215274885862,0.6308408702957925,5236.0,5105.0,7794.0,2806.0,3.0,2902.0,868.0,6670.0,3471.0,4.0
mechanism_50_4_multi_hotspot_boundary_id04,msd_ag_nsga2,2,mechanism_50_4,multi_hotspot_boundary,50,4,0.5575380077253262,0.05505754484545271,33.94334420817904,139,1.0,855.650669188401,847869.8810766754,34.03648380606385,0.6154087009320748,4.0,4.0,12.683219084279894,29.290639809999988,768.6868782234194,468314.8191094607,24.04328313278316,0.6531856652622465,5132.0,5013.0,7734.0,3091.0,0.0,3151.0,868.0,6865.0,3472.0,0.0
mechanism_50_4_multi_hotspot_boundary_id04,msd_ag_nsga2,3,mechanism_50_4,multi_hotspot_boundary,50,4,0.5589066240237297,0.05931365906684819,35.14528850000352,140,1.0,830.1329728013982,966448.004817938,34.34007062480861,0.5498872853646646,4.0,4.0,26.387073108813833,60.938335050000006,758.5677256223918,464065.79564394813,22.891103449309284,0.6396541711227804,5034.0,4870.0,7870.0,3496.0,1.0,3586.0,868.0,6820.0,3472.0,0.0
mechanism_50_4_multi_hotspot_boundary_id04,msd_ag_nsga2,4,mechanism_50_4,multi_hotspot_boundary,50,4,0.5726611878664668,0.05209362313776309,34.513209249824286,137,1.0,830.9429188237959,930326.1232449613,35.13571957793753,0.5692903371159247,4.0,4.0,18.828111031727442,43.48165989,751.9178214112674,465633.37792089675,24.128894953773468,0.6312186526189104,5279.0,5155.0,7824.0,2981.0,1.0,3067.0,868.0,6804.0,3434.0,2.0
mechanism_50_4_multi_hotspot_boundary_id04,msd_ag_nsga2,5,mechanism_50_4,multi_hotspot_boundary,50,4,0.5498493479014321,0.05964352219274668,34.889080750057474,139,1.0,841.5591426173901,893775.4130198063,36.58258440962773,0.5759148279723452,4.0,4.0,0.0,0.0,768.0901284611346,463680.1038389494,25.610508371668985,0.643930204025769,5323.0,5194.0,7712.0,3241.0,1.0,3317.0,868.0,6738.0,3454.0,0.0
mechanism_50_4_multi_hotspot_boundary_id04,msd_ag_nsga2,6,mechanism_50_4,multi_hotspot_boundary,50,4,0.5442899577660751,0.07156045071075068,34.22610658314079,140,1.0,810.0905881894877,946232.109175935,37.32517155278476,0.5649349078452035,4.0,4.0,22.684333984779816,52.38722533000001,766.5255570617669,450905.5705366218,22.527168565462063,0.6514755829123612,5221.0,5042.0,7732.0,3287.0,1.0,3362.0,868.0,6729.0,3472.0,0.0
mechanism_50_4_multi_hotspot_boundary_id04,msd_ag_nsga2,7,mechanism_50_4,multi_hotspot_boundary,50,4,0.709990182762237,0.017627551360458866,35.12449329183437,137,1.0,682.3548426316551,904025.511716548,34.823462579278626,0.5619413659881117,3.0,3.0,0.0,0.0,650.905560496023,468394.86359851324,23.005374131023345,0.6400335579328561,5208.0,5111.0,7612.0,3240.0,1.0,3336.0,868.0,6821.0,3470.0,0.0
mechanism_50_4_multi_hotspot_boundary_id04,msd_ag_nsga2,8,mechanism_50_4,multi_hotspot_boundary,50,4,0.5427242048669833,0.06768732709406172,32.59043574985117,140,1.0,842.1326927736519,934753.8198158452,36.13703892757316,0.5480481798635559,4.0,4.0,17.738268996348854,40.96477752000001,760.4529211323725,496319.37897728296,25.535728289691235,0.6119853190742733,5243.0,5141.0,7774.0,2511.0,1.0,2558.0,868.0,6613.0,3449.0,0.0
mechanism_50_4_multi_hotspot_boundary_id04,msd_ag_nsga2,9,mechanism_50_4,multi_hotspot_boundary,50,4,0.527879120007126,0.07516658379201822,35.75803799997084,139,1.0,873.0652303864463,815871.9937293365,37.917636788406966,0.4934575619793358,4.0,4.0,26.280307531157614,60.69177051,759.5915596902734,469786.32624136936,25.38106556405674,0.6167797310627997,5116.0,4908.0,7759.0,3215.0,0.0,3301.0,868.0,6888.0,3472.0,0.0
mechanism_50_4_multi_hotspot_boundary_id04,msd_ag_nsga2,10,mechanism_50_4,multi_hotspot_boundary,50,4,0.6601251402913405,0.029166750196956574,26.872741624945775,137,1.0,714.9994545713897,887716.6744376877,40.914819691464096,0.48999638868164497,3.0,3.0,0.0,0.0,689.3873533025917,448178.2298215032,23.388855459260924,0.6262763258133314,5183.0,5037.0,7781.0,2506.0,4.0,2683.0,868.0,6765.0,3470.0,0.0
mechanism_50_4_multi_hotspot_boundary_id05,msd_ag_nsga2,1,mechanism_50_4,multi_hotspot_boundary,50,4,0.6987910114895779,0.049381584979054476,39.50854750000872,139,1.0,895.7761392328698,871283.4446805605,43.03431207745538,0.48151095411315004,4.0,4.0,0.0,0.0,704.4992316287811,429717.17698869103,32.90422396257564,0.5543151450413807,5246.0,5099.0,7887.0,4153.0,6.0,4249.0,868.0,6679.0,3450.0,10.0
mechanism_50_4_multi_hotspot_boundary_id05,msd_ag_nsga2,2,mechanism_50_4,multi_hotspot_boundary,50,4,0.6461280443299338,0.05189821203422902,33.8463923339732,139,1.0,915.3886777627777,769051.933061165,44.75863353091552,0.5119495337883637,4.0,4.0,0.0,0.0,819.0431181269229,422292.2945119649,36.84861864108822,0.5253909748946823,5196.0,4963.0,7694.0,2686.0,10.0,2768.0,868.0,6874.0,3460.0,3.0
mechanism_50_4_multi_hotspot_boundary_id05,msd_ag_nsga2,3,mechanism_50_4,multi_hotspot_boundary,50,4,0.7423291406160426,0.014295893581486908,32.30199774983339,139,1.0,864.1981072521835,754901.6950651163,43.70691693051952,0.5171393677869016,4.0,4.0,5.896171958624195,13.616625870000007,777.731771284759,453175.86452567554,32.974239325371016,0.5428874442027813,5229.0,5031.0,7823.0,1233.0,1.0,1286.0,868.0,6868.0,3472.0,11.0
mechanism_50_4_multi_hotspot_boundary_id05,msd_ag_nsga2,4,mechanism_50_4,multi_hotspot_boundary,50,4,0.7050701877951902,0.030149769346022412,32.31460704212077,140,1.0,867.6729828343465,815614.7564076983,45.336001513436486,0.5086152170352092,4.0,4.0,0.0,0.0,782.6321676769674,463959.66491048207,34.92275854971606,0.5431153285388143,5168.0,4912.0,7670.0,2268.0,11.0,2343.0,868.0,6816.0,3471.0,0.0
mechanism_50_4_multi_hotspot_boundary_id05,msd_ag_nsga2,5,mechanism_50_4,multi_hotspot_boundary,50,4,0.7046520241985444,0.024357594220726763,32.590161457890645,138,1.0,822.9304006117248,910651.7271955373,41.52293637612089,0.5069576248979627,4.0,4.0,4.091695442206695,9.44936586,774.5992582058466,468880.6410605007,35.67125142224617,0.5404239683341185,5269.0,5018.0,7658.0,2427.0,9.0,2508.0,868.0,6784.0,3472.0,8.0
mechanism_50_4_multi_hotspot_boundary_id05,msd_ag_nsga2,6,mechanism_50_4,multi_hotspot_boundary,50,4,0.7086684698642134,0.03317673940477148,33.58624333399348,140,1.0,843.905253211111,749238.5203379729,49.955304145954585,0.449663350113019,4.0,4.0,19.006540622908883,43.89372538000001,793.065642483132,467748.9540320133,33.478487524765185,0.5475747607029134,5121.0,4951.0,7820.0,3126.0,3.0,3214.0,868.0,6926.0,3463.0,0.0
mechanism_50_4_multi_hotspot_boundary_id05,msd_ag_nsga2,7,mechanism_50_4,multi_hotspot_boundary,50,4,0.6961002379170923,0.02609482448602678,33.84047979209572,139,1.0,887.0276318549363,676275.2650692655,49.53041234658978,0.43846109381104775,4.0,4.0,4.470361417034875,10.323857470000007,800.0457342734808,479704.7407105897,34.94765262294178,0.5425338176180805,5260.0,5094.0,7625.0,2248.0,2.0,2296.0,868.0,6887.0,3417.0,1.0
mechanism_50_4_multi_hotspot_boundary_id05,msd_ag_nsga2,8,mechanism_50_4,multi_hotspot_boundary,50,4,0.6751538939801429,0.04457624657244931,38.38385570794344,139,1.0,872.3174858342416,833679.0042675523,42.83622538223839,0.5104547918528376,4.0,4.0,0.0,0.0,813.7133978803386,445440.39098538243,33.52391436664715,0.5573340202287611,5166.0,4996.0,7711.0,3190.0,26.0,3256.0,868.0,6476.0,3280.0,2.0
mechanism_50_4_multi_hotspot_boundary_id05,msd_ag_nsga2,9,mechanism_50_4,multi_hotspot_boundary,50,4,0.7031896730433821,0.02453857933966708,32.49617016711272,138,1.0,861.8160521955606,708169.4541490581,48.00969970324706,0.45119879820200814,4.0,4.0,18.972262419440167,43.81456326,792.9305845347469,434959.6223368141,35.4500777028869,0.5410895023024155,5161.0,4964.0,7803.0,2059.0,3.0,2101.0,868.0,6906.0,3459.0,0.0
mechanism_50_4_multi_hotspot_boundary_id05,msd_ag_nsga2,10,mechanism_50_4,multi_hotspot_boundary,50,4,0.6846190639296695,0.03675328956213672,26.912156583974138,137,1.0,869.36312083485,847592.125784957,43.553390774959155,0.48865804339643254,4.0,4.0,0.0,0.0,786.5198004491103,421661.1457526178,35.4800497413064,0.5431613833019252,5153.0,4928.0,7824.0,2430.0,5.0,2490.0,868.0,6938.0,3472.0,0.0
mechanism_50_4_multi_hotspot_boundary_id06,msd_ag_nsga2,1,mechanism_50_4,multi_hotspot_boundary,50,4,0.6989438446003154,0.027246472577258055,34.604621917009354,140,1.0,871.1275958422187,1161333.9253377167,49.200306285500865,0.38677482945730296,4.0,4.0,0.0,0.0,775.1854529629758,468033.2726090746,41.43436796371198,0.43381233511927597,5142.0,4972.0,7636.0,2244.0,0.0,2267.0,868.0,6930.0,3409.0,0.0
mechanism_50_4_multi_hotspot_boundary_id06,msd_ag_nsga2,2,mechanism_50_4,multi_hotspot_boundary,50,4,0.6933784463102723,0.030589414195356462,34.758362708147615,140,1.0,796.2668502990118,1060599.3301806722,55.20872929555617,0.3666319715212587,4.0,4.0,0.0,0.0,781.2501031733294,488093.8207467646,41.805607715394586,0.4519716062014168,5257.0,5079.0,7885.0,2546.0,2.0,2592.0,868.0,6919.0,3468.0,0.0
mechanism_50_4_multi_hotspot_boundary_id06,msd_ag_nsga2,3,mechanism_50_4,multi_hotspot_boundary,50,4,0.706262816167941,0.019478552728770124,37.340712250210345,139,1.0,845.6451258681926,1067905.3370478468,51.064168248967995,0.39743631082083763,4.0,4.0,0.0,0.0,781.1425903038769,469220.15301026806,40.86028606625126,0.43058086449548255,5239.0,5059.0,7851.0,2655.0,0.0,2691.0,868.0,6856.0,3472.0,4.0
mechanism_50_4_multi_hotspot_boundary_id06,msd_ag_nsga2,4,mechanism_50_4,multi_hotspot_boundary,50,4,0.7068584209844672,0.018980561218906802,30.923742624931037,140,1.0,866.3447724777932,1059423.077826411,49.766381410050165,0.41394355976725916,4.0,4.0,0.0,0.0,789.1835784933921,489080.8498497977,39.01852736648073,0.4604671426927895,5099.0,5004.0,7717.0,823.0,2.0,853.0,868.0,6878.0,3472.0,0.0
mechanism_50_4_multi_hotspot_boundary_id06,msd_ag_nsga2,5,mechanism_50_4,multi_hotspot_boundary,50,4,0.7059301357730321,0.018823447388150304,36.8208619998768,139,1.0,831.6414877691943,1063782.8767210764,51.064621775124294,0.3891155368794298,4.0,4.0,0.0,0.0,778.845736642347,479189.86377410503,42.39879885443153,0.44308512784896786,5118.0,4951.0,7922.0,2598.0,2.0,2642.0,868.0,6888.0,3462.0,0.0
mechanism_50_4_multi_hotspot_boundary_id06,msd_ag_nsga2,6,mechanism_50_4,multi_hotspot_boundary,50,4,0.6846925218267184,0.02652607601835595,38.55804629204795,138,1.0,890.3010930443102,1016722.1889245259,51.4683413284274,0.3722130310124046,4.0,4.0,0.0,0.0,791.5202591284901,486116.00243586523,41.89053484877175,0.42151328415199624,5215.0,5040.0,7863.0,3002.0,1.0,3043.0,868.0,6936.0,3466.0,0.0
mechanism_50_4_multi_hotspot_boundary_id06,msd_ag_nsga2,7,mechanism_50_4,multi_hotspot_boundary,50,4,0.7064415022907311,0.013167347480598007,34.53885595803149,140,1.0,823.6680723971028,1007619.632629033,52.67960805203763,0.37465390556224437,4.0,4.0,0.0,0.0,791.8581649892257,491956.33014224423,40.28630884866136,0.4664768967186955,5156.0,5017.0,7753.0,1620.0,3.0,1646.0,868.0,6789.0,3462.0,19.0
mechanism_50_4_multi_hotspot_boundary_id06,msd_ag_nsga2,8,mechanism_50_4,multi_hotspot_boundary,50,4,0.7050745592720224,0.021957361244044602,36.783783708000556,140,1.0,858.3026105566992,1240494.818237887,46.79897531092638,0.4207480654932506,4.0,4.0,0.0,0.0,777.3315261728187,442689.83497510664,41.33071950071401,0.4308923874003491,5246.0,5089.0,7724.0,2831.0,3.0,2870.0,868.0,6792.0,3456.0,1.0
mechanism_50_4_multi_hotspot_boundary_id06,msd_ag_nsga2,9,mechanism_50_4,multi_hotspot_boundary,50,4,0.6891965330355597,0.024447138137976644,34.7464894161094,138,1.0,847.6931855517909,1053483.71627261,51.070898342361474,0.3842488269509113,4.0,4.0,0.0,0.0,795.7600209223069,490161.8262006995,41.840509745638904,0.42997001192538,5267.0,5068.0,7576.0,2819.0,6.0,2857.0,868.0,6936.0,3465.0,0.0
mechanism_50_4_multi_hotspot_boundary_id06,msd_ag_nsga2,10,mechanism_50_4,multi_hotspot_boundary,50,4,0.6465454800630654,0.04821717350742527,26.847414790885523,139,1.0,839.5920245822686,1088899.5492652569,51.560832815487636,0.37642606278941015,4.0,4.0,0.0,0.0,790.8459265913007,496815.081270407,42.524576715951795,0.44115893147045054,5180.0,4906.0,7759.0,3515.0,2.0,3572.0,868.0,6820.0,3470.0,0.0
mechanism_50_4_multi_hotspot_boundary_id07,msd_ag_nsga2,1,mechanism_50_4,multi_hotspot_boundary,50,4,0.6419967376363606,0.01896341626196533,31.186018500011414,140,1.0,821.0863699922268,942593.174544146,31.90036335445601,0.6411924359925,4.0,4.0,0.0,0.0,767.8714410794266,425613.9914983615,23.624811101224907,0.6948508121127982,5251.0,4919.0,7813.0,2025.0,6.0,2099.0,868.0,6888.0,3456.0,0.0
mechanism_50_4_multi_hotspot_boundary_id07,msd_ag_nsga2,2,mechanism_50_4,multi_hotspot_boundary,50,4,0.6236335890379833,0.03224947484438761,28.520181499887258,140,1.0,901.1867568050212,898794.2461224238,32.801870033235204,0.6261864651363114,4.0,4.0,0.0,0.0,769.9663737483972,469250.0092490805,24.16968099994486,0.6826284157024968,5246.0,5111.0,7829.0,1151.0,5.0,1223.0,868.0,6903.0,3472.0,0.0
mechanism_50_4_multi_hotspot_boundary_id07,msd_ag_nsga2,3,mechanism_50_4,multi_hotspot_boundary,50,4,0.616576833983235,0.030444960367582916,31.646980749908835,139,1.0,834.0242005561618,909048.1742345875,36.98280195845483,0.6105654447799705,4.0,4.0,0.0,0.0,767.9631561737157,511859.3243979415,24.40531315606185,0.6605420553835104,5039.0,4841.0,7890.0,2627.0,8.0,2683.0,868.0,6913.0,3427.0,1.0
mechanism_50_4_multi_hotspot_boundary_id07,msd_ag_nsga2,4,mechanism_50_4,multi_hotspot_boundary,50,4,0.5936822490187256,0.03905634685021364,34.508941374951974,140,1.0,829.5597948302818,971271.8722234638,32.43510983346388,0.6214147800248256,4.0,4.0,0.0,0.0,765.6173440126997,466496.5097310316,26.248785398858033,0.670089056020619,5160.0,4973.0,7712.0,2822.0,75.0,2871.0,868.0,6798.0,3469.0,0.0
mechanism_50_4_multi_hotspot_boundary_id07,msd_ag_nsga2,5,mechanism_50_4,multi_hotspot_boundary,50,4,0.5813526448690152,0.03805488404982169,34.366754916030914,140,1.0,871.4029607201228,897147.2357689143,34.44853435655904,0.6198176217664745,4.0,4.0,0.0,0.0,769.2302404081527,470720.9358940931,26.06252578223227,0.6402618782379548,5186.0,4922.0,7875.0,2856.0,6.0,2932.0,868.0,6791.0,3468.0,0.0
mechanism_50_4_multi_hotspot_boundary_id07,msd_ag_nsga2,6,mechanism_50_4,multi_hotspot_boundary,50,4,0.6175442250619155,0.02940327353199821,31.98138983291574,139,1.0,824.8935237731907,847108.6415624236,41.00696554516661,0.5939668364644224,4.0,4.0,0.0,0.0,766.3695388267547,488847.5976602611,24.294703751874152,0.6458496963795335,5287.0,5090.0,7679.0,2437.0,17.0,2509.0,868.0,6848.0,3472.0,0.0
mechanism_50_4_multi_hotspot_boundary_id07,msd_ag_nsga2,7,mechanism_50_4,multi_hotspot_boundary,50,4,0.624465236405285,0.027339919150189598,31.12316850014031,139,1.0,852.7476908533133,794634.6991082163,40.4024887977244,0.611336287266104,4.0,4.0,0.0,0.0,763.5345107137887,440558.5729963895,24.469923556389404,0.6535529076139757,5180.0,4979.0,7771.0,1809.0,5.0,1867.0,868.0,6894.0,3455.0,0.0
mechanism_50_4_multi_hotspot_boundary_id07,msd_ag_nsga2,8,mechanism_50_4,multi_hotspot_boundary,50,4,0.6299631751758155,0.022503947125762078,26.873695792164654,139,1.0,854.7528367569658,894029.888553431,33.81313415216,0.6197715462315717,4.0,4.0,0.0,0.0,761.3419310989372,470675.03819283796,24.618219726294086,0.6820729190741182,5228.0,4910.0,7804.0,967.0,10.0,994.0,868.0,6821.0,3472.0,0.0
mechanism_50_4_multi_hotspot_boundary_id07,msd_ag_nsga2,9,mechanism_50_4,multi_hotspot_boundary,50,4,0.6127537099628638,0.029473727125308463,29.652530916966498,140,1.0,896.7160678790927,825233.2303079165,37.38105038096628,0.6183810645537462,4.0,4.0,0.0,0.0,769.0081712385975,438633.9071542862,25.81253606749152,0.6544782052064921,5272.0,5086.0,7788.0,1666.0,11.0,1709.0,868.0,6833.0,3472.0,0.0
mechanism_50_4_multi_hotspot_boundary_id07,msd_ag_nsga2,10,mechanism_50_4,multi_hotspot_boundary,50,4,0.6348444729298263,0.022709115628199956,31.053056583041325,139,1.0,864.3532594278278,954238.8477755632,33.08504631656778,0.5944328016950524,4.0,4.0,0.0,0.0,768.4678909780006,442917.2794361277,22.299333721978286,0.6766517150362205,5171.0,4954.0,7781.0,1676.0,12.0,1738.0,868.0,6771.0,3472.0,0.0
mechanism_50_4_multi_hotspot_boundary_id08,msd_ag_nsga2,1,mechanism_50_4,multi_hotspot_boundary,50,4,0.6146417106867174,0.027823139947529295,32.273213792126626,140,1.0,816.592597345185,942130.80420894,36.20137390810743,0.6116113912480443,4.0,4.0,0.0,0.0,741.6655070617646,452520.5751979826,22.940622560265325,0.6638546220612116,5175.0,4769.0,7781.0,3319.0,13.0,3392.0,868.0,6876.0,3472.0,3.0
mechanism_50_4_multi_hotspot_boundary_id08,msd_ag_nsga2,2,mechanism_50_4,multi_hotspot_boundary,50,4,0.6252543677635807,0.027963004785859138,31.028439125046134,139,1.0,797.4134604457598,990446.3345490287,36.98631485666374,0.6329831131550241,4.0,4.0,0.0,0.0,730.0366834025594,494957.38675754354,21.221594469189142,0.6883700071401464,5146.0,4820.0,7735.0,3038.0,30.0,3101.0,868.0,6921.0,3472.0,0.0
mechanism_50_4_multi_hotspot_boundary_id08,msd_ag_nsga2,3,mechanism_50_4,multi_hotspot_boundary,50,4,0.6122764137070313,0.030486934736201794,32.710016458062455,140,1.0,831.9166359661419,979308.7624635105,34.929259312956574,0.6556286821305385,4.0,4.0,0.0,0.0,737.0722897943872,474383.5908295385,21.746365114245904,0.6777959293353897,5219.0,5018.0,7777.0,2808.0,15.0,2885.0,868.0,6909.0,3443.0,0.0
mechanism_50_4_multi_hotspot_boundary_id08,msd_ag_nsga2,4,mechanism_50_4,multi_hotspot_boundary,50,4,0.5943888787242169,0.03675411206975321,32.91362745803781,140,1.0,833.0289337424313,925404.322186291,37.52170545676069,0.6328634441023493,4.0,4.0,0.0,0.0,745.6299884886622,463168.2149290726,23.783275599646387,0.6840853071925281,5351.0,5136.0,7716.0,3059.0,13.0,3130.0,868.0,6910.0,3472.0,0.0
mechanism_50_4_multi_hotspot_boundary_id08,msd_ag_nsga2,5,mechanism_50_4,multi_hotspot_boundary,50,4,0.6507732808422796,0.017211614622636172,29.912343750009313,140,1.0,854.4966682549725,875205.6906502215,35.894980648961145,0.658537310450394,4.0,4.0,0.0,0.0,722.8862381295345,482932.9032490538,21.212567638978555,0.7021771495066309,5191.0,4777.0,7776.0,2370.0,12.0,2426.0,868.0,6944.0,3456.0,0.0
mechanism_50_4_multi_hotspot_boundary_id08,msd_ag_nsga2,6,mechanism_50_4,multi_hotspot_boundary,50,4,0.6265264979729751,0.028805153688444808,29.706706791184843,139,1.0,830.0387432844552,908673.1508176437,37.61136057962976,0.6585932951716561,4.0,4.0,0.0,0.0,722.3113304552389,478896.1211614954,22.879057522700293,0.6773495281828906,5264.0,4781.0,7778.0,2473.0,18.0,2519.0,868.0,6925.0,3472.0,0.0
mechanism_50_4_multi_hotspot_boundary_id08,msd_ag_nsga2,7,mechanism_50_4,multi_hotspot_boundary,50,4,0.6086862693448595,0.03157704407418911,35.24766158289276,139,1.0,840.758824682232,953437.2278657926,35.07218400977202,0.6291042392590561,4.0,4.0,0.0,0.0,734.207647725882,470423.2903240547,21.50450184900538,0.6917305208812664,5209.0,5000.0,7677.0,3012.0,7.0,3069.0,868.0,6871.0,3465.0,2.0
mechanism_50_4_multi_hotspot_boundary_id08,msd_ag_nsga2,8,mechanism_50_4,multi_hotspot_boundary,50,4,0.5987079522528795,0.03313188148841371,32.87202466605231,140,1.0,811.7465710243191,936641.8165048108,36.86802627974369,0.6392395273072966,4.0,4.0,0.0,0.0,737.4225579691433,468880.3452593273,23.935681559106882,0.667531627986663,5106.0,4821.0,7805.0,3115.0,7.0,3170.0,868.0,6636.0,3412.0,1.0
mechanism_50_4_multi_hotspot_boundary_id08,msd_ag_nsga2,9,mechanism_50_4,multi_hotspot_boundary,50,4,0.6377488491379513,0.018125726938776048,31.50109750009142,140,1.0,818.8282108923947,890595.2146248765,39.17731055914862,0.6557328287094318,4.0,4.0,0.0,0.0,735.3398767825552,454164.6693441967,21.906493879982023,0.7190779780211658,5194.0,4904.0,7719.0,2940.0,22.0,2996.0,868.0,6932.0,3469.0,0.0
mechanism_50_4_multi_hotspot_boundary_id08,msd_ag_nsga2,10,mechanism_50_4,multi_hotspot_boundary,50,4,0.6255841792741038,0.025514629577710623,27.168271249858662,140,1.0,808.8398275313227,999184.3167340283,33.18532429377211,0.6702705782414046,4.0,4.0,0.0,0.0,730.2108739573342,447057.85790646094,22.221659708040747,0.7019555191801043,5288.0,4788.0,7820.0,1736.0,4.0,1787.0,868.0,6934.0,3472.0,0.0
mechanism_50_4_remote_hotspot_id01,msd_ag_nsga2,1,mechanism_50_4,remote_hotspot,50,4,0.7760759284251123,0.02473224104785311,36.98310524993576,140,1.0,796.8902722819616,1293273.5217357723,50.96133330432086,0.40591085015891903,4.0,4.0,0.0,0.0,743.4857068937157,454541.654291794,49.86537811269048,0.43175544260794824,5144.0,4869.0,7895.0,3074.0,52.0,3275.0,868.0,6612.0,3430.0,2.0
mechanism_50_4_remote_hotspot_id01,msd_ag_nsga2,2,mechanism_50_4,remote_hotspot,50,4,0.7568566949536971,0.023642128292708203,38.955477125011384,140,1.0,776.182311446835,1015787.939322493,56.730068908111846,0.36875475335424385,4.0,4.0,1.234337226516372,2.850579720000013,757.3171122116046,431637.09397024737,49.87348453393174,0.3936821076322959,5236.0,4914.0,7886.0,3645.0,60.0,3822.0,868.0,6538.0,3264.0,4.0
mechanism_50_4_remote_hotspot_id01,msd_ag_nsga2,3,mechanism_50_4,remote_hotspot,50,4,0.7580992715524938,0.017531905435965167,41.95278279110789,140,1.0,809.9044728177857,951787.8766163891,56.11248683551989,0.391172916664423,4.0,4.0,0.0,0.0,759.1951690248841,432599.792005255,48.35117683915262,0.42636747536659486,5154.0,4929.0,7830.0,3269.0,126.0,3463.0,868.0,6748.0,3360.0,0.0
mechanism_50_4_remote_hotspot_id01,msd_ag_nsga2,4,mechanism_50_4,remote_hotspot,50,4,0.7642938467756378,0.03062774739049645,40.463824125006795,140,1.0,835.26147654574,1111361.8159531371,54.59261161284088,0.38976426840622425,4.0,4.0,0.0,0.0,745.0792627578876,479203.8389111485,49.14372242045024,0.40829207675412943,5229.0,4922.0,7817.0,4105.0,36.0,4316.0,868.0,6650.0,3441.0,0.0
mechanism_50_4_remote_hotspot_id01,msd_ag_nsga2,5,mechanism_50_4,remote_hotspot,50,4,0.7906327690821191,0.014577918624282907,36.09781233291142,137,1.0,763.1126337737326,1125495.5103115777,53.173151307260284,0.3869099673374185,4.0,4.0,0.0,0.0,746.4077227809771,507939.02811206016,47.106412457723465,0.42125210888818754,5308.0,5088.0,7811.0,2650.0,21.0,2844.0,868.0,6697.0,3425.0,0.0
mechanism_50_4_remote_hotspot_id01,msd_ag_nsga2,6,mechanism_50_4,remote_hotspot,50,4,0.7512658240022683,0.029850633931665843,42.767041250132024,139,1.0,775.5702714658585,1217758.1142109246,54.10790384518545,0.382667385695575,4.0,4.0,0.0,0.0,759.0500782649481,436387.87547543825,47.900200868092284,0.4212115165464075,5160.0,4887.0,7808.0,4214.0,113.0,4494.0,868.0,5302.0,3215.0,15.0
mechanism_50_4_remote_hotspot_id01,msd_ag_nsga2,7,mechanism_50_4,remote_hotspot,50,4,0.7847701257900429,0.011621451577000078,38.55026116594672,140,1.0,778.0235564898037,1074695.9307061564,54.78325277114642,0.3848084449831778,4.0,4.0,0.0,0.0,749.0720624296632,426591.07451428426,49.218832082454774,0.42362850893710335,5156.0,4728.0,8007.0,2690.0,35.0,2877.0,868.0,6832.0,3366.0,0.0
mechanism_50_4_remote_hotspot_id01,msd_ag_nsga2,8,mechanism_50_4,remote_hotspot,50,4,0.7647138518556698,0.020759426333749515,40.1670357498806,138,1.0,798.9850622240954,1010701.4358259775,56.21403211524209,0.3847659094173404,4.0,4.0,0.0,0.0,750.0820028930751,469018.32503727317,48.58561854533092,0.4259280737961922,5279.0,4997.0,7877.0,3510.0,65.0,3848.0,868.0,6794.0,3420.0,2.0
mechanism_50_4_remote_hotspot_id01,msd_ag_nsga2,9,mechanism_50_4,remote_hotspot,50,4,0.780973468005188,0.013837614393204849,30.441506083123386,140,1.0,776.1966564374706,973335.1599451806,56.55435965122935,0.41126534683531646,4.0,4.0,0.0,0.0,741.6116716428023,456886.85019595077,49.654150330252754,0.41313794671478404,5170.0,4907.0,7832.0,3688.0,159.0,4068.0,868.0,6546.0,3384.0,1.0
mechanism_50_4_remote_hotspot_id01,msd_ag_nsga2,10,mechanism_50_4,remote_hotspot,50,4,0.7648486507822717,0.024557138421188795,25.60359879117459,140,1.0,795.4475453613286,1050716.4066669904,56.55516356013932,0.35963022750501045,4.0,4.0,0.0,0.0,758.7110525370847,503863.7484516375,47.29986251754758,0.40737675943064366,5278.0,4902.0,7714.0,3269.0,119.0,3594.0,868.0,6817.0,3447.0,8.0
mechanism_50_4_remote_hotspot_id02,msd_ag_nsga2,1,mechanism_50_4,remote_hotspot,50,4,0.7075860298408049,0.0139020655069002,41.4062570000533,138,1.0,873.828908063958,1074672.3481732977,59.86495928348744,0.2707119965425995,4.0,4.0,0.0,0.0,780.0880231436806,479077.2694520546,47.369194897427704,0.36849900911345534,4980.0,4778.0,7813.0,3736.0,52.0,4013.0,868.0,6053.0,3326.0,8.0
mechanism_50_4_remote_hotspot_id02,msd_ag_nsga2,2,mechanism_50_4,remote_hotspot,50,4,0.7009620543576036,0.0204453965313492,40.87573041720316,140,1.0,805.5889121237562,1038065.8710290069,61.977257750750354,0.24590515730480333,4.0,4.0,0.0,0.0,789.5159139153345,550885.8253259057,46.54862617357344,0.3608963815231534,5265.0,5022.0,7790.0,2956.0,36.0,3311.0,868.0,6132.0,3348.0,9.0
mechanism_50_4_remote_hotspot_id02,msd_ag_nsga2,3,mechanism_50_4,remote_hotspot,50,4,0.6635180235341293,0.04478243008401959,44.22559095802717,140,1.0,881.4751462256256,1092689.8663200145,61.55341851070874,0.24680938146700393,4.0,4.0,0.0,0.0,787.7754751015896,499046.1142851663,47.625052594697905,0.35785726996697176,5115.0,4920.0,7810.0,4335.0,76.0,4667.0,868.0,6530.0,3445.0,0.0
mechanism_50_4_remote_hotspot_id02,msd_ag_nsga2,4,mechanism_50_4,remote_hotspot,50,4,0.6799459916785547,0.02617640940166235,42.3839516248554,139,1.0,942.2485202502884,1459962.2820958528,56.68601037838493,0.31758426358639313,5.0,4.0,33.13816478228081,76.52931343,785.7835712863313,573272.9049122971,46.185990530548075,0.3766050386798539,5235.0,5035.0,7799.0,4436.0,31.0,4768.0,868.0,6264.0,3339.0,3.0
mechanism_50_4_remote_hotspot_id02,msd_ag_nsga2,5,mechanism_50_4,remote_hotspot,50,4,0.6868901975900011,0.03541872155475131,40.80541208386421,139,1.0,839.8856110895065,1119577.448309641,60.9460962809688,0.2760997545671946,4.0,4.0,0.0,0.0,780.648045868127,505232.1341179614,44.43939471814846,0.39506214247292853,5180.0,5054.0,7872.0,3617.0,23.0,3905.0,868.0,6863.0,3284.0,3.0
mechanism_50_4_remote_hotspot_id02,msd_ag_nsga2,6,mechanism_50_4,remote_hotspot,50,4,0.7042296948280162,0.02084757372631206,39.3635202080477,140,1.0,796.5055816872405,1010576.2297967436,62.69950899025325,0.2912166014973949,4.0,4.0,0.0,0.0,764.0952453566963,553646.5905415812,47.71243507617035,0.3350254348499943,5232.0,5020.0,7731.0,3047.0,20.0,3280.0,868.0,6220.0,3312.0,3.0
mechanism_50_4_remote_hotspot_id02,msd_ag_nsga2,7,mechanism_50_4,remote_hotspot,50,4,0.6572120597436228,0.0500879714490344,43.636413750005886,139,1.0,792.1946680998711,1121460.3215709927,63.26279168284983,0.25503473238197366,4.0,4.0,0.0,0.0,779.2663968374629,548308.4540876043,46.60473329647313,0.3445593508794412,5273.0,5074.0,7834.0,4815.0,43.0,5173.0,868.0,6792.0,3460.0,4.0
mechanism_50_4_remote_hotspot_id02,msd_ag_nsga2,8,mechanism_50_4,remote_hotspot,50,4,0.6869193559320714,0.032389468992887964,38.4999337089248,138,1.0,798.0945149062366,1206391.5687833698,59.08454859743068,0.30680477731684,4.0,4.0,0.0,0.0,786.3963000722982,542699.7778490607,46.08744039017646,0.3953069621018448,5123.0,4921.0,7761.0,4038.0,36.0,4424.0,868.0,6176.0,3144.0,33.0
mechanism_50_4_remote_hotspot_id02,msd_ag_nsga2,9,mechanism_50_4,remote_hotspot,50,4,0.7148275905049863,0.015136682875551399,27.169083666987717,140,1.0,839.1225080482457,1136940.1724381354,60.32661229939739,0.2904064711099684,4.0,4.0,0.0,0.0,779.424834804985,459237.3244644355,45.96832214715243,0.3890739745498077,5180.0,4996.0,7945.0,3204.0,57.0,3559.0,868.0,6340.0,3375.0,9.0
mechanism_50_4_remote_hotspot_id02,msd_ag_nsga2,10,mechanism_50_4,remote_hotspot,50,4,0.6618462358373827,0.046938057302125503,28.465486334171146,140,1.0,851.2164851482538,1131065.2479778924,61.799080337147416,0.2792894166280502,4.0,4.0,0.0,0.0,779.1180506977738,494314.46088899835,43.374842365002316,0.426787883593045,5163.0,4873.0,7715.0,4226.0,26.0,4432.0,868.0,5964.0,3351.0,39.0
mechanism_50_4_remote_hotspot_id03,msd_ag_nsga2,1,mechanism_50_4,remote_hotspot,50,4,0.6259230305634987,0.03956532677447713,46.241304291877896,140,1.0,972.515350003084,1447356.9878347414,67.68834230336077,0.22672010046187518,5.0,4.0,52.688775065780476,121.67951387,831.1732242915481,500548.2839446319,46.55480798984706,0.3877280287199629,5135.0,5011.0,7787.0,4263.0,29.0,4750.0,868.0,6416.0,3191.0,1.0
mechanism_50_4_remote_hotspot_id03,msd_ag_nsga2,2,mechanism_50_4,remote_hotspot,50,4,0.632919766481002,0.029104898528954037,48.63098295801319,139,1.0,1014.1820728695524,1629835.1434438624,65.02821794645197,0.2540459461205391,5.0,4.0,44.39266273483282,102.52046311999999,853.8051396480038,573143.5726239505,44.224666101096425,0.37100913485342185,5213.0,5057.0,7691.0,4320.0,11.0,4773.0,868.0,5867.0,3118.0,11.0
mechanism_50_4_remote_hotspot_id03,msd_ag_nsga2,3,mechanism_50_4,remote_hotspot,50,4,0.6572355634999533,0.020264249488418557,44.654633375117555,140,1.0,897.456145364783,1102367.2013995892,68.05012174843655,0.22419792716115058,4.0,4.0,0.0,0.0,838.6405412092228,452093.5771095566,45.35108164022252,0.3630650425083164,5121.0,4994.0,7892.0,4111.0,25.0,4638.0,868.0,6647.0,3198.0,14.0
mechanism_50_4_remote_hotspot_id03,msd_ag_nsga2,4,mechanism_50_4,remote_hotspot,50,4,0.6615456539810979,0.01611971546203495,44.229147457983345,140,1.0,1030.482620854593,1725335.0371906906,61.933198786594446,0.23686012265298928,5.0,4.0,38.42234607621554,88.7326074,843.6788470059334,500336.83805207105,45.90116979198265,0.35115104217628096,5090.0,5001.0,7676.0,4005.0,14.0,4625.0,868.0,6804.0,3167.0,4.0
mechanism_50_4_remote_hotspot_id03,msd_ag_nsga2,5,mechanism_50_4,remote_hotspot,50,4,0.6807089226184061,0.010309176055991447,48.01998137519695,140,1.0,919.1319127617819,980062.7679314391,70.06838438951482,0.17600333677412083,4.0,4.0,0.0,0.0,836.6144101926953,517241.02277604386,44.76871418194643,0.3182657204431459,5160.0,5020.0,7878.0,4742.0,186.0,5445.0,868.0,6489.0,3214.0,6.0
mechanism_50_4_remote_hotspot_id03,msd_ag_nsga2,6,mechanism_50_4,remote_hotspot,50,4,0.647809760462263,0.0285616775941869,44.962890583090484,140,1.0,1046.672373584939,1554118.6089420242,64.91326844617224,0.262166244604624,5.0,4.0,49.463683965340635,114.23148500999997,832.8066851786066,462102.22810131265,45.35832187518698,0.3870108985068377,5153.0,5050.0,7753.0,4157.0,11.0,4619.0,868.0,6149.0,3340.0,19.0
mechanism_50_4_remote_hotspot_id03,msd_ag_nsga2,7,mechanism_50_4,remote_hotspot,50,4,0.6548179661593299,0.023805561711806877,43.48401662497781,140,1.0,922.7506841563787,1154978.6892696626,68.28378195269623,0.22444549615584664,4.0,4.0,0.0,0.0,836.1430361513966,478972.80875602056,44.90982325199292,0.37661973760045037,5216.0,5086.0,7659.0,4070.0,19.0,4420.0,868.0,6354.0,3102.0,16.0
mechanism_50_4_remote_hotspot_id03,msd_ag_nsga2,8,mechanism_50_4,remote_hotspot,50,4,0.6099904237246815,0.049407809811127676,32.698492834111676,139,1.0,1022.1444111564867,1976321.1780593547,62.997951754092696,0.2491242742739793,5.0,4.0,39.35898144534599,90.89567412999997,849.071832697967,492621.1760501865,44.22966409908153,0.37767178720737854,5089.0,4982.0,7784.0,4411.0,101.0,4854.0,868.0,6744.0,3192.0,2.0
mechanism_50_4_remote_hotspot_id03,msd_ag_nsga2,9,mechanism_50_4,remote_hotspot,50,4,0.607929909006153,0.04336253474607983,30.39477387513034,140,1.0,1048.1753506484379,1538129.3678311221,66.24960090332637,0.20339667697727798,5.0,4.0,55.24972197081149,127.59376741,861.3895693334471,477445.24771394156,46.248956795311116,0.37916439865168067,5200.0,5070.0,7818.0,4518.0,47.0,4913.0,868.0,6484.0,3237.0,4.0
mechanism_50_4_remote_hotspot_id03,msd_ag_nsga2,10,mechanism_50_4,remote_hotspot,50,4,0.6122405445668221,0.05249481424441214,31.797755707986653,137,1.0,1000.258509817132,1795367.8825438528,65.85741785177805,0.23531064532799095,5.0,4.0,39.35898144534599,90.89567412999997,840.9717830523609,477696.76429305424,45.77768457371526,0.35418587369252275,5266.0,5106.0,7895.0,4742.0,132.0,5080.0,868.0,6480.0,3038.0,31.0
mechanism_50_4_remote_hotspot_id04,msd_ag_nsga2,1,mechanism_50_4,remote_hotspot,50,4,0.6723123165297191,0.023502080970679934,46.30534266703762,139,1.0,908.7797016963433,1130112.2789200693,62.04762349898864,0.24288622458229947,4.0,4.0,0.0,0.0,831.6533251659582,514886.66770126886,42.463335681062524,0.41139423557137006,5090.0,4895.0,7733.0,4503.0,157.0,4821.0,868.0,6806.0,3452.0,0.0
mechanism_50_4_remote_hotspot_id04,msd_ag_nsga2,2,mechanism_50_4,remote_hotspot,50,4,0.6647262369690742,0.02377929965231267,46.54427029215731,139,1.0,926.1525916030027,970283.447316187,64.51599769060076,0.2362528329273824,4.0,4.0,0.0,0.0,850.2173084391167,531741.9573447714,43.43082613146215,0.3969210961992101,5250.0,5070.0,7818.0,4686.0,84.0,5158.0,868.0,6683.0,3405.0,3.0
mechanism_50_4_remote_hotspot_id04,msd_ag_nsga2,3,mechanism_50_4,remote_hotspot,50,4,0.6794602518885637,0.01304453245713888,44.51983575010672,140,1.0,944.4106295248853,1085376.4077999452,60.87590087787056,0.2630159256722282,4.0,4.0,0.0,0.0,848.0581269110758,513166.9818101758,45.74500804070037,0.3628790032375626,5231.0,5068.0,7845.0,4011.0,156.0,4790.0,868.0,6623.0,3407.0,0.0
mechanism_50_4_remote_hotspot_id04,msd_ag_nsga2,4,mechanism_50_4,remote_hotspot,50,4,0.6515446609918658,0.028660574790600246,42.82593933399767,132,1.0,987.8497439070544,1413265.4862777097,59.98224948127767,0.2545643353963422,5.0,4.0,39.65813357485383,91.58653637999998,823.9736931655075,511766.58716046717,48.74719411954106,0.3880382442548877,5140.0,4994.0,7726.0,4438.0,114.0,4854.0,868.0,6871.0,3466.0,0.0
mechanism_50_4_remote_hotspot_id04,msd_ag_nsga2,5,mechanism_50_4,remote_hotspot,50,4,0.6644480831291366,0.026373687564262893,47.97211179207079,140,1.0,945.8230510107865,1013348.4174311166,63.42228495996113,0.23855332049061237,4.0,4.0,0.0,0.0,826.9523858153527,469057.691434425,46.37816478696114,0.3758548085365003,5200.0,4992.0,7738.0,4822.0,141.0,5262.0,868.0,6776.0,3312.0,0.0
mechanism_50_4_remote_hotspot_id04,msd_ag_nsga2,6,mechanism_50_4,remote_hotspot,50,4,0.6662440794194464,0.025182623711294632,46.069998958846554,140,1.0,1001.9627735645546,1428895.2198103867,58.765917738508236,0.28014473575374493,5.0,4.0,45.19865476399244,104.38182197999998,842.9142376903828,480224.3642076664,40.5353564660295,0.45670371294849815,5219.0,5059.0,7815.0,4794.0,121.0,5257.0,868.0,6834.0,3425.0,0.0
mechanism_50_4_remote_hotspot_id04,msd_ag_nsga2,7,mechanism_50_4,remote_hotspot,50,4,0.6657464868030816,0.02384662145421278,44.78839345788583,140,1.0,888.0573415268008,1257857.545292846,61.31393183551622,0.266023726061057,4.0,4.0,0.0,0.0,829.5354239970344,539836.8066656073,47.4788497298359,0.3901313042616373,5200.0,4983.0,7845.0,4786.0,158.0,5306.0,868.0,6867.0,3357.0,2.0
mechanism_50_4_remote_hotspot_id04,msd_ag_nsga2,8,mechanism_50_4,remote_hotspot,50,4,0.6470277722404764,0.038641178664283675,32.81805316708051,140,1.0,1011.1288835847579,1490094.64878445,61.2211267498505,0.2373996660879294,5.0,4.0,45.19865476399244,104.38182197999998,840.8809707323337,540994.5678620508,43.492072970637906,0.4282962455128992,5204.0,5085.0,7755.0,4907.0,154.0,5506.0,868.0,6493.0,3459.0,0.0
mechanism_50_4_remote_hotspot_id04,msd_ag_nsga2,9,mechanism_50_4,remote_hotspot,50,4,0.6713563137548128,0.016832263209057736,29.097433167044073,140,1.0,991.4570274942993,1421109.7648021244,59.03277948796053,0.27742166235947274,5.0,4.0,39.658133574853835,91.58653637999998,829.7479853604877,539321.874142688,46.35498013555339,0.37732263237460173,5207.0,5040.0,7805.0,4564.0,90.0,5113.0,868.0,6758.0,3327.0,1.0
mechanism_50_4_remote_hotspot_id04,msd_ag_nsga2,10,mechanism_50_4,remote_hotspot,50,4,0.6733005108128983,0.018593760920873142,29.726317834109068,140,1.0,925.1799975814704,1176380.6092958243,61.40105815108701,0.2636079910132537,5.0,4.0,22.215105481811847,51.303588520000005,823.4643750659812,565627.7062334286,44.404114807171204,0.3824950568094617,5217.0,5067.0,7808.0,4738.0,115.0,5137.0,868.0,6503.0,3399.0,0.0
mechanism_50_4_remote_hotspot_id05,msd_ag_nsga2,1,mechanism_50_4,remote_hotspot,50,4,0.6284776238539505,0.04921155268282369,50.08286245819181,140,1.0,1013.2670583383307,1513276.969655782,64.71678030790264,0.19356617508636212,5.0,4.0,37.918445891136635,87.56889976999997,777.9904139532497,494100.238646165,40.06781065941379,0.47960906706433043,5238.0,5124.0,7757.0,4958.0,360.0,5688.0,868.0,6242.0,3104.0,7.0
mechanism_50_4_remote_hotspot_id05,msd_ag_nsga2,2,mechanism_50_4,remote_hotspot,50,4,0.6105846365784655,0.052062078147625646,51.53747562482022,140,1.0,1067.063143243217,2410635.1218983415,58.223053555097664,0.28932561179532895,5.0,4.0,74.01072989015212,170.9204593,797.4885939087236,521298.0017734404,40.340421542001295,0.4363254609752579,5142.0,5036.0,7871.0,5099.0,170.0,5887.0,868.0,6830.0,3247.0,37.0
mechanism_50_4_remote_hotspot_id05,msd_ag_nsga2,3,mechanism_50_4,remote_hotspot,50,4,0.6552578292989709,0.02829301382137712,47.87502458319068,139,1.0,934.7139142720719,1576059.8344663752,64.41271474799544,0.15651699886621107,5.0,4.0,45.0889623019297,104.12849809,793.4037204998657,483383.4254274882,40.810405756537705,0.407374994200641,5152.0,5064.0,7826.0,5127.0,231.0,6019.0,868.0,6929.0,3170.0,1.0
mechanism_50_4_remote_hotspot_id05,msd_ag_nsga2,4,mechanism_50_4,remote_hotspot,50,4,0.6807913925149354,0.01211441261995386,45.81099975015968,139,1.0,946.9408220072812,1638976.6274077664,61.94503971772854,0.20832867325166116,5.0,4.0,46.67471194795489,107.79063002999999,792.9057290348235,467591.6823161649,41.55634602273685,0.40791330454049557,5215.0,5052.0,7875.0,4873.0,156.0,5729.0,868.0,6103.0,3027.0,0.0
mechanism_50_4_remote_hotspot_id05,msd_ag_nsga2,5,mechanism_50_4,remote_hotspot,50,4,0.6895423913921616,0.008198813335107719,46.54191020899452,139,1.0,962.4193098551103,1607730.852068811,61.966714888299194,0.20920615278860294,5.0,4.0,36.096628679591305,83.36159314000002,794.4862978282972,486825.8845097848,41.22933464123152,0.40698885669553847,5192.0,5090.0,7842.0,4592.0,76.0,5691.0,868.0,6413.0,3162.0,0.0
mechanism_50_4_remote_hotspot_id05,msd_ag_nsga2,6,mechanism_50_4,remote_hotspot,50,4,0.6485421118449176,0.034383919728818706,46.741103834006935,140,1.0,971.4385352606243,1628410.802365522,63.30016081483129,0.19011384250656888,5.0,4.0,36.096628679591305,83.36159314000002,792.036157461223,491448.8755847827,39.434937064057365,0.4702927365798281,5138.0,5016.0,7893.0,5338.0,121.0,6407.0,868.0,6530.0,3211.0,0.0
mechanism_50_4_remote_hotspot_id05,msd_ag_nsga2,7,mechanism_50_4,remote_hotspot,50,4,0.6536001545101674,0.022416728760817076,46.25847716699354,140,1.0,972.0153194340664,1868472.615777737,58.89995873261426,0.2571051119190706,5.0,4.0,64.08865780375541,148.00641534,802.0774006813059,477630.4264100279,39.922428567399436,0.4723557176381516,5062.0,4960.0,7847.0,5343.0,549.0,6291.0,868.0,6863.0,3161.0,2.0
mechanism_50_4_remote_hotspot_id05,msd_ag_nsga2,8,mechanism_50_4,remote_hotspot,50,4,0.6297687365733613,0.04359945559513905,32.889410875039175,140,1.0,942.3901387852405,1162157.276793736,67.13826447891061,0.1440996406904613,4.0,4.0,0.0,0.0,792.7742840068626,467100.58917581436,42.790228782163496,0.3998785422725224,5205.0,5105.0,7831.0,5195.0,349.0,6111.0,868.0,6664.0,3095.0,4.0
mechanism_50_4_remote_hotspot_id05,msd_ag_nsga2,9,mechanism_50_4,remote_hotspot,50,4,0.6319523336654886,0.038057171630769056,31.540087125031278,140,1.0,1018.8605128163769,1959306.7018145768,60.0193700263666,0.24417185541663314,5.0,4.0,61.83413631227502,142.79982098,790.6695723986923,470331.86188921746,43.558416038085426,0.4366495659426232,5248.0,5077.0,7832.0,5109.0,241.0,5926.0,868.0,6756.0,3147.0,13.0
mechanism_50_4_remote_hotspot_id05,msd_ag_nsga2,10,mechanism_50_4,remote_hotspot,50,4,0.6459934674175033,0.033979048905331495,30.67153266700916,134,1.0,975.5813393668017,1278869.2016012808,65.45230647892274,0.20158498194935795,5.0,4.0,30.344048045721074,70.07657723,786.5950233439348,473615.36164318916,38.469465526206655,0.46478552811462637,5160.0,5022.0,7739.0,5038.0,152.0,5939.0,868.0,6448.0,3003.0,6.0
mechanism_50_4_remote_hotspot_id06,msd_ag_nsga2,1,mechanism_50_4,remote_hotspot,50,4,0.611519911779408,0.031167172738328794,46.66502650012262,138,1.0,1017.4226900710829,1503436.2948535401,64.6704897578901,0.19550877848149495,5.0,4.0,37.245333968030636,86.01441437,841.4396257101981,585618.1114456191,49.46317979886634,0.38606234978805526,5171.0,5013.0,7721.0,4668.0,63.0,5294.0,868.0,6650.0,3444.0,0.0
mechanism_50_4_remote_hotspot_id06,msd_ag_nsga2,2,mechanism_50_4,remote_hotspot,50,4,0.6813425335710243,0.011828343773803658,43.487100791884586,140,1.0,931.5079091718278,1624451.2489152984,62.36319164768501,0.24011894989055382,5.0,4.0,37.245333968030636,86.01441437,811.3448730201259,522082.4603351096,50.54134560690909,0.35489176971129155,5352.0,5261.0,7832.0,3495.0,40.0,4682.0,868.0,6917.0,3297.0,2.0
mechanism_50_4_remote_hotspot_id06,msd_ag_nsga2,3,mechanism_50_4,remote_hotspot,50,4,0.5964254241029446,0.040907495634250196,49.24605070799589,140,1.0,1010.1681831344276,1259583.625772229,66.21845905013349,0.22149909740382123,5.0,4.0,29.608030003161822,68.37681636999997,844.3708018208606,517990.0246006439,50.87390150934771,0.3781553089080494,5262.0,5138.0,7825.0,4606.0,74.0,5183.0,868.0,6760.0,3296.0,2.0
mechanism_50_4_remote_hotspot_id06,msd_ag_nsga2,4,mechanism_50_4,remote_hotspot,50,4,0.6450156792453572,0.01918644752258505,43.851208792068064,140,1.0,989.6674945910834,1157317.62409615,66.1970570080197,0.19481811168739335,4.0,4.0,0.0,0.0,833.2914628864169,472161.91782379796,50.73269257707567,0.3549412343932073,5224.0,5120.0,7819.0,4266.0,49.0,5091.0,868.0,6848.0,3340.0,0.0
mechanism_50_4_remote_hotspot_id06,msd_ag_nsga2,5,mechanism_50_4,remote_hotspot,50,4,0.6115354386954539,0.03396862311651134,45.00745054194704,140,1.0,985.6213921928811,1009389.5370343137,68.76477904716306,0.17653598169533932,4.0,4.0,0.0,0.0,845.4028429048134,488656.0440226494,50.436769775176295,0.34296396075512375,5177.0,5057.0,7709.0,4551.0,42.0,5081.0,868.0,6625.0,3407.0,6.0
mechanism_50_4_remote_hotspot_id06,msd_ag_nsga2,6,mechanism_50_4,remote_hotspot,50,4,0.6227480973786125,0.027936602292211794,45.895261915866286,140,1.0,969.411921917454,1524373.061473869,65.99828783967037,0.22353223139190204,5.0,4.0,37.245333968030636,86.01441437,839.3295733970023,503983.02240348567,49.58872486789198,0.3536592737876769,5035.0,4888.0,7687.0,4470.0,38.0,5186.0,868.0,6841.0,3442.0,0.0
mechanism_50_4_remote_hotspot_id06,msd_ag_nsga2,7,mechanism_50_4,remote_hotspot,50,4,0.6311853870094807,0.022971124585573106,46.43270825012587,138,1.0,892.0387630856019,1088016.0308430924,69.42204314972908,0.1901029582530934,4.0,4.0,0.0,0.0,845.4336131221644,484164.5659243849,48.56428345924424,0.3889013290250002,5328.0,5173.0,7849.0,4646.0,154.0,5218.0,868.0,6805.0,3288.0,1.0
mechanism_50_4_remote_hotspot_id06,msd_ag_nsga2,8,mechanism_50_4,remote_hotspot,50,4,0.6610055755722188,0.01332603365111465,32.06489962502383,140,1.0,968.6111941878702,1511198.0277204653,63.56215570816714,0.22289684948926086,5.0,4.0,27.74146861052126,64.06617748000002,839.9122347559672,451499.24206376163,51.227654706614956,0.3775986698836688,5189.0,5083.0,7842.0,3845.0,37.0,4806.0,868.0,6835.0,3407.0,0.0
mechanism_50_4_remote_hotspot_id06,msd_ag_nsga2,9,mechanism_50_4,remote_hotspot,50,4,0.6343838164564997,0.02537462407634515,29.959247041959316,139,1.0,1023.9187265403099,1837344.7024132702,61.421148557669895,0.2230475665069942,5.0,4.0,37.24533396803063,86.01441437,836.8188771663526,519743.69946319883,48.79462456761364,0.36471994970044164,5189.0,5038.0,7884.0,4632.0,34.0,5308.0,868.0,6415.0,3298.0,8.0
mechanism_50_4_remote_hotspot_id06,msd_ag_nsga2,10,mechanism_50_4,remote_hotspot,50,4,0.6019734642611055,0.03314353963409382,31.851339624961838,140,1.0,1042.545093426313,1557623.7837843848,62.411264257895986,0.2457065183671792,5.0,4.0,68.04465718469594,157.14240457,849.8401286644346,554601.5977834493,51.56498728738111,0.3722611723847833,5219.0,5026.0,7811.0,5045.0,130.0,5709.0,868.0,6687.0,3447.0,12.0
mechanism_50_4_remote_hotspot_id07,msd_ag_nsga2,1,mechanism_50_4,remote_hotspot,50,4,0.6729563010083913,0.028376529504661522,44.48756870813668,138,1.0,872.0854458186548,1094604.8288972976,60.35122397976028,0.2878891071389883,4.0,4.0,13.233594821431646,30.56167812999999,823.2464456916704,470344.9169228536,50.298290026830855,0.36933789686153945,5222.0,4967.0,7788.0,4919.0,41.0,5642.0,868.0,6792.0,3243.0,0.0
mechanism_50_4_remote_hotspot_id07,msd_ag_nsga2,2,mechanism_50_4,remote_hotspot,50,4,0.6687372535858208,0.036917659763089056,43.064234083052725,140,1.0,861.3115981655096,1137925.1170838422,59.30743598829565,0.2928381005322429,4.0,4.0,0.0,0.0,819.5587803186564,471175.29404338624,50.36960245333596,0.37470436878834745,5084.0,4814.0,7736.0,4779.0,35.0,5353.0,868.0,6402.0,3447.0,0.0
mechanism_50_4_remote_hotspot_id07,msd_ag_nsga2,3,mechanism_50_4,remote_hotspot,50,4,0.6536249287029154,0.03756603192749402,45.92240516608581,138,1.0,933.506683256396,1049917.777462584,60.678572751152565,0.27619924037663623,4.0,4.0,0.0,0.0,827.6005059979653,474669.3182325023,52.1799816832038,0.3592787325386764,5221.0,4920.0,7884.0,4814.0,53.0,5399.0,868.0,6718.0,3166.0,0.0
mechanism_50_4_remote_hotspot_id07,msd_ag_nsga2,4,mechanism_50_4,remote_hotspot,50,4,0.6955935645869783,0.025149915469997976,44.9897485000547,138,1.0,920.0672712482971,1103122.8090063147,59.71310701348924,0.2765631130431579,4.0,4.0,0.0,0.0,797.4370177809036,453661.8642486001,49.82227157121862,0.36908308293005054,5168.0,4863.0,7673.0,4573.0,58.0,5191.0,868.0,6732.0,3358.0,10.0
mechanism_50_4_remote_hotspot_id07,msd_ag_nsga2,5,mechanism_50_4,remote_hotspot,50,4,0.6742045460695824,0.029789013465658584,45.7147010830231,140,1.0,897.977936359764,1089282.8939730802,60.42397632728353,0.28799167213123505,4.0,4.0,0.0,0.0,828.0647064631196,456055.6841654728,50.26727497516944,0.3715118732948707,5168.0,4942.0,7694.0,4348.0,37.0,4894.0,868.0,6276.0,3225.0,5.0
mechanism_50_4_remote_hotspot_id07,msd_ag_nsga2,6,mechanism_50_4,remote_hotspot,50,4,0.6594285774534363,0.0337299163026638,45.44029129203409,140,1.0,878.3332047028218,1201583.6496232862,60.630921713981294,0.2838527643972797,4.0,4.0,0.0,0.0,830.3336964850726,459954.3293872465,51.387425042710966,0.36056128231179924,5102.0,4863.0,7907.0,4793.0,155.0,5450.0,868.0,6448.0,3358.0,45.0
mechanism_50_4_remote_hotspot_id07,msd_ag_nsga2,7,mechanism_50_4,remote_hotspot,50,4,0.6665058167045713,0.03150504257182054,44.239679208025336,139,1.0,854.6192705488669,1117623.54312715,60.4500285812328,0.3097680197907248,4.0,4.0,0.0,0.0,822.2975945087351,486855.7470910147,51.27905746029978,0.3692332770122074,5307.0,5077.0,7815.0,4754.0,23.0,5295.0,868.0,6759.0,3408.0,0.0
mechanism_50_4_remote_hotspot_id07,msd_ag_nsga2,8,mechanism_50_4,remote_hotspot,50,4,0.6461650704116529,0.0364261583181107,33.03788579092361,132,1.0,890.1687348612855,1189132.7830336073,59.579997442492,0.291167736998501,4.0,4.0,0.0,0.0,846.0227770389395,439118.69740770396,51.98211513928029,0.35969063207587865,5147.0,4901.0,7949.0,4549.0,48.0,5090.0,868.0,6747.0,3452.0,0.0
mechanism_50_4_remote_hotspot_id07,msd_ag_nsga2,9,mechanism_50_4,remote_hotspot,50,4,0.7289973732868454,0.013419357435385046,27.97009641607292,138,1.0,900.0331124888036,1163191.7200916712,57.95884408679136,0.3100601009849844,4.0,4.0,0.0,0.0,820.7314114225849,459536.13641824434,47.837001043188685,0.37627195887603276,5030.0,4830.0,7796.0,3350.0,38.0,4094.0,868.0,6696.0,3305.0,0.0
mechanism_50_4_remote_hotspot_id07,msd_ag_nsga2,10,mechanism_50_4,remote_hotspot,50,4,0.7237774158175009,0.010859038370714185,26.992411624873057,139,1.0,849.9596224459897,1059659.0187113942,59.34850086729034,0.30502632899333126,4.0,4.0,0.0,0.0,817.8217322349376,422878.1466382074,48.46059803151938,0.40239079204254335,5111.0,4874.0,7814.0,3980.0,22.0,4608.0,868.0,6290.0,3271.0,41.0
mechanism_50_4_remote_hotspot_id08,msd_ag_nsga2,1,mechanism_50_4,remote_hotspot,50,4,0.5943326891906643,0.028797418943152787,47.831145082833245,140,1.0,1071.0012376957147,1498204.1731493839,68.60953478350068,0.2737738300639963,5.0,4.0,44.43046456184269,102.60776270000002,874.5814909482176,653036.3137848623,51.03624178975649,0.3879038924780282,5079.0,4813.0,7825.0,4118.0,81.0,5199.0,868.0,6163.0,3062.0,2.0
mechanism_50_4_remote_hotspot_id08,msd_ag_nsga2,2,mechanism_50_4,remote_hotspot,50,4,0.5962720038085096,0.02328595562160023,46.33672316581942,139,1.0,1053.8443536871966,1316386.176453693,68.80064986676362,0.27228141091188096,5.0,4.0,40.75217534413645,94.11311762000003,884.4294534942929,616198.8801926061,54.26113251670654,0.34543355247658675,5172.0,4964.0,7803.0,3965.0,123.0,5032.0,868.0,6333.0,3351.0,9.0
mechanism_50_4_remote_hotspot_id08,msd_ag_nsga2,3,mechanism_50_4,remote_hotspot,50,4,0.5913430452055776,0.03176058770369727,49.23558591702022,140,1.0,1013.2927426782353,1408889.0727352067,70.1810062583894,0.2415750838931663,5.0,4.0,31.714101407972468,73.24057993999998,888.6980165922204,580162.2893468572,48.60776501984878,0.3925770223217541,5218.0,4889.0,7781.0,4011.0,132.0,4860.0,868.0,6104.0,3346.0,31.0
mechanism_50_4_remote_hotspot_id08,msd_ag_nsga2,4,mechanism_50_4,remote_hotspot,50,4,0.5729917949536634,0.045749477822518786,49.834522207966074,138,1.0,1127.9662246963835,1585390.3923207684,68.95220127211604,0.2421811846577321,6.0,4.0,42.48425130666803,94.11311762000003,878.8707307212317,516668.9467777204,50.07833659976805,0.41346577268014273,5320.0,4881.0,7686.0,4382.0,221.0,5132.0,868.0,5213.0,3010.0,24.0
mechanism_50_4_remote_hotspot_id08,msd_ag_nsga2,5,mechanism_50_4,remote_hotspot,50,4,0.5800162381995997,0.03061012019758381,50.520062665920705,139,1.0,1060.068764679288,1874492.688615265,67.10827262189687,0.24162349497417476,5.0,4.0,47.57883935614452,109.87862283999999,904.6830500371667,555944.5299362285,53.11123906522541,0.3859470599443738,5222.0,5006.0,7793.0,4281.0,230.0,5269.0,868.0,6543.0,3279.0,0.0
mechanism_50_4_remote_hotspot_id08,msd_ag_nsga2,6,mechanism_50_4,remote_hotspot,50,4,0.585262570905786,0.03395189548574645,47.482379000168294,140,1.0,1120.1180749069013,1273005.1185736705,69.29589828540236,0.23417245814766915,5.0,4.0,42.5039257744594,98.15861195000002,875.2200892814088,596501.1608137316,53.00274913896566,0.38180556763412704,5113.0,4814.0,7845.0,3498.0,84.0,4735.0,868.0,6367.0,3248.0,8.0
mechanism_50_4_remote_hotspot_id08,msd_ag_nsga2,7,mechanism_50_4,remote_hotspot,50,4,0.612487934331959,0.01887702720937128,44.377464666962624,139,1.0,1046.194058561822,1852924.4776415739,67.20230972203238,0.22374389618214266,5.0,4.0,47.57883935614452,109.87862283999999,886.0868656907016,546857.6349416114,50.43382923435426,0.3699391014036342,5174.0,4770.0,7630.0,4626.0,106.0,5586.0,868.0,6562.0,3137.0,2.0
mechanism_50_4_remote_hotspot_id08,msd_ag_nsga2,8,mechanism_50_4,remote_hotspot,50,4,0.6212430266274465,0.018549728593053344,32.46152341691777,140,1.0,995.3962786770721,1329346.8391895955,68.9541309718314,0.26077567567469795,5.0,4.0,31.714101407972468,73.24057993999998,852.5279270216606,524679.812043961,54.10065625016189,0.36371928072632537,5172.0,4954.0,7767.0,4336.0,249.0,5237.0,868.0,6297.0,3237.0,1.0
mechanism_50_4_remote_hotspot_id08,msd_ag_nsga2,9,mechanism_50_4,remote_hotspot,50,4,0.5779106447774736,0.03330210889628373,31.37807866698131,140,1.0,1076.282174463164,1973521.4612404252,65.58919867785865,0.2748596552477262,5.0,4.0,54.614551508321334,126.12690406000002,884.4641820006658,572483.9007846956,50.967001498495065,0.3667995520752704,5265.0,5062.0,7766.0,4699.0,93.0,5696.0,868.0,6764.0,3241.0,0.0
mechanism_50_4_remote_hotspot_id08,msd_ag_nsga2,10,mechanism_50_4,remote_hotspot,50,4,0.5249698520395815,0.059371894483798905,32.97260008379817,138,1.0,1114.0558517087197,1457399.6261744145,70.3195980801567,0.25720870692975756,5.0,4.0,45.31830528844265,104.65814303000002,940.9053433211606,565880.3772487672,53.19542493514042,0.35954765792026644,5139.0,4851.0,7826.0,4381.0,241.0,4973.0,868.0,5909.0,3236.0,35.0
